-- phpMyAdmin SQL Dump
-- version 5.2.1
-- https://www.phpmyadmin.net/
--
-- Host: 127.0.0.1
-- Generation Time: Apr 19, 2025 at 03:10 PM
-- Server version: 10.4.32-MariaDB
-- PHP Version: 8.0.30

SET SQL_MODE = "NO_AUTO_VALUE_ON_ZERO";
START TRANSACTION;
SET time_zone = "+00:00";


/*!40101 SET @OLD_CHARACTER_SET_CLIENT=@@CHARACTER_SET_CLIENT */;
/*!40101 SET @OLD_CHARACTER_SET_RESULTS=@@CHARACTER_SET_RESULTS */;
/*!40101 SET @OLD_COLLATION_CONNECTION=@@COLLATION_CONNECTION */;
/*!40101 SET NAMES utf8mb4 */;

--
-- Database: `ifeedback`
--

-- --------------------------------------------------------

--
-- Table structure for table `admintbl`
--

CREATE TABLE `admintbl` (
  `id` int(11) NOT NULL,
  `username` varchar(255) DEFAULT NULL,
  `password` varchar(255) DEFAULT NULL,
  `role_id` int(11) DEFAULT NULL
) ENGINE=InnoDB DEFAULT CHARSET=utf8mb4 COLLATE=utf8mb4_general_ci;

--
-- Dumping data for table `admintbl`
--

INSERT INTO `admintbl` (`id`, `username`, `password`, `role_id`) VALUES
(1, 'AdminPrince', '7c6a180b36896a0a8c02787eeafb0e4c', 1);

-- --------------------------------------------------------

--
-- Table structure for table `classroomstbl`
--

CREATE TABLE `classroomstbl` (
  `classroomId` int(11) NOT NULL,
  `instructorId` bigint(20) DEFAULT NULL,
  `sectionId` int(11) DEFAULT NULL
) ENGINE=InnoDB DEFAULT CHARSET=utf8mb4 COLLATE=utf8mb4_general_ci;

--
-- Dumping data for table `classroomstbl`
--

INSERT INTO `classroomstbl` (`classroomId`, `instructorId`, `sectionId`) VALUES
(1, 11111111111, 1),
(2, 11111111112, 1),
(3, 11111111113, 1),
(4, 11111111114, 1),
(5, 11111111115, 1),
(6, 11111111111, 2),
(7, 11111111112, 2),
(8, 11111111113, 2),
(9, 11111111114, 2),
(10, 11111111115, 2),
(11, 11111111111, 3),
(12, 11111111112, 3),
(13, 11111111113, 3),
(14, 11111111114, 3),
(15, 11111111115, 3),
(16, 11111111111, 4),
(17, 11111111112, 4),
(18, 11111111113, 4),
(19, 11111111114, 4),
(20, 11111111115, 4),
(21, 11111111111, 5),
(22, 11111111112, 5),
(23, 11111111113, 5),
(24, 11111111114, 5),
(25, 11111111115, 5),
(26, 11111111116, 6),
(27, 11111111117, 6),
(28, 11111111118, 6),
(29, 11111111119, 6),
(30, 11111111120, 6),
(31, 11111111116, 7),
(32, 11111111117, 7),
(33, 11111111118, 7),
(34, 11111111119, 7),
(35, 11111111120, 7),
(36, 11111111116, 8),
(37, 11111111117, 8),
(38, 11111111118, 8),
(39, 11111111119, 8),
(40, 11111111120, 8),
(41, 11111111116, 9),
(42, 11111111117, 9),
(43, 11111111118, 9),
(44, 11111111119, 9),
(45, 11111111120, 9),
(46, 11111111116, 10),
(47, 11111111117, 10),
(48, 11111111118, 10),
(49, 11111111119, 10),
(50, 11111111120, 10),
(51, 11111111121, 11),
(52, 11111111122, 11),
(53, 11111111123, 11),
(54, 11111111124, 11),
(55, 11111111125, 11);

-- --------------------------------------------------------

--
-- Table structure for table `instructorstbl`
--

CREATE TABLE `instructorstbl` (
  `id` int(11) NOT NULL,
  `instructorId` bigint(20) NOT NULL,
  `instructorEmail` varchar(255) NOT NULL,
  `instructorFullName` varchar(255) NOT NULL,
  `password` varchar(255) NOT NULL,
  `instructorDepartment` varchar(255) DEFAULT NULL
) ENGINE=InnoDB DEFAULT CHARSET=utf8mb4 COLLATE=utf8mb4_general_ci;

--
-- Dumping data for table `instructorstbl`
--

INSERT INTO `instructorstbl` (`id`, `instructorId`, `instructorEmail`, `instructorFullName`, `password`, `instructorDepartment`) VALUES
(1, 11111111111, 'Instructor1@gmail.com', 'John Smith', '$2y$10$ERqmQNKJd9YecFEVA3Yxhe70XHg/i8TGEU4j2vabhdnpgW5KyzdHO', 'Information Technology'),
(2, 11111111112, 'Instructor2@gmail.com', 'Jane Doe', '$2y$10$0bIdnXJ.5NZHFP7eTZ0gdu4hPJ8RSsVik2Sd1l7tZgqo5Ce/widKq', 'Information Technology'),
(3, 11111111113, 'Instructor3@gmail.com', 'Michael Brown', '$2y$10$w16sXrTQN55wpGdKyRZXduT40rc0XZlT9MngzGork4LoYWCOCvVTa', 'Tourism Hospitality Management'),
(4, 11111111114, 'Instructor4@gmail.com', 'Emily Chen', '$2y$10$AMec9aCf1bQeVF7X7oiolOyNV5lwv91cEQICc74Pzu/DEI8OgNPJq', 'Filipino'),
(5, 11111111115, 'Instructor5@gmail.com', 'David Lee', '$2y$10$vOdZ/pkmEGlX6xdksVH2DOpkM6CjTapJEF59KSH1b6U7gZI4xDX0C', 'Social Science'),
(6, 11111111116, 'Instructor6@gmail.com', 'Sarah Taylor', '$2y$10$4QTuJzCG55xmNjABCp5QxeFTJ8./eltELyB1S1jKBXdt5jtxZnOne', 'English'),
(7, 11111111117, 'Instructor7@gmail.com', 'Kevin White', '$2y$10$zyozPwKAwIvkM0BUCxBk5ehSGcrOE6O5Mhyrct2rK9Uud5xyRdjRC', 'General Science'),
(8, 11111111118, 'Instructor8@gmail.com', 'Rebecca Hall', '$2y$10$3roHcHfBw64jPTTEy7FOA.zPASvv9Kau7tc5e.XtadnxAxET4v.8u', 'English'),
(9, 11111111119, 'Instructor9@gmail.com', 'James Martin', '$2y$10$JI77JMvE9fx0VxyBL.74s.oOfoDxh9p3Ex6JeIjp6o.lnxkwjbuvi', 'Physical Education'),
(10, 11111111120, 'Instructor10@gmail.com', 'Olivia Harris', '$2y$10$4r8NcBOIvEep.sMhLwJB2.VxipvDILVMu2SMmjp2TfZJu.K9C5/h2', 'Mathematics'),
(11, 11111111121, 'Instructor11@gmail.com', 'Ethan Clark', '$2y$10$1tgLi7R9VB2usXQrcJ24jux2YTDPpHj4PkfO8sl3OxkZrpiuFlW6G', 'Social Science'),
(12, 11111111122, 'Instructor12@gmail.com', 'Natalie Wright', '$2y$10$QfBB4InPHQhyEZXvE6CN7.h3c8ccVKJbYhQ5R2K99DLrmzf.dKUSO', 'Filipino'),
(13, 11111111123, 'Instructor13@gmail.com', 'Daniel Walker', '$2y$10$yMqq2pOrhRlPb8c4KfewBOMGLyGqO0.mAsUYb6T2up5Go7CR.Afe.', 'Tourism Hospitality Management'),
(14, 11111111124, 'Instructor14@gmail.com', 'Chloe Adams', '$2y$10$i6f1EnqPlN3jacdFY9B0HO21iZ8kpWykgcLS9W7U9HZ0eOI9rVMEG', 'Physical Education'),
(15, 11111111125, 'Instructor15@gmail.com', 'Liam Turner', '$2y$10$WnrL69/pIu9arWk0Sndf.u/A0nCDxyNOgqo6nAUPk0xSXtEpj7S2C', 'Mathematics');

-- --------------------------------------------------------

--
-- Table structure for table `sectiontbls`
--

CREATE TABLE `sectiontbls` (
  `sectionId` int(11) NOT NULL,
  `sectionName` varchar(100) NOT NULL,
  `sectionDescription` varchar(500) DEFAULT 'No description provided'
) ENGINE=InnoDB DEFAULT CHARSET=utf8mb4 COLLATE=utf8mb4_general_ci;

--
-- Dumping data for table `sectiontbls`
--

INSERT INTO `sectiontbls` (`sectionId`, `sectionName`, `sectionDescription`) VALUES
(1, 'ABM101A', 'Accountancy, Business, Management'),
(2, 'ABM201A', 'Accountancy, Business, Management'),
(3, 'CULART101A', 'Culinary Arts'),
(4, 'CULART201A', 'Culinary Arts'),
(5, 'HUMSS201A', 'Humanities and Social Sciences'),
(6, 'ICTE101A', 'Information and Communications Technology'),
(7, 'ICTE102A', 'Information and Communications Technology'),
(8, 'ICTE201A', 'Information and Communications Technology'),
(9, 'ICTE202P', 'Information and Communications Technology Practical'),
(10, 'TOPE101A', 'Technology and Engineering Principles'),
(11, 'TOPE201A', 'Technology and Engineering Principles');

-- --------------------------------------------------------

--
-- Table structure for table `studentratingstbl`
--

CREATE TABLE `studentratingstbl` (
  `id` int(11) NOT NULL,
  `instructorId` bigint(20) DEFAULT NULL,
  `studentId` varchar(255) DEFAULT NULL,
  `sectionId` int(11) DEFAULT NULL,
  `rating1` int(11) DEFAULT NULL,
  `rating2` int(11) DEFAULT NULL,
  `rating3` int(11) DEFAULT NULL,
  `rating4` int(11) DEFAULT NULL,
  `rating5` int(11) DEFAULT NULL,
  `rating6` int(11) DEFAULT NULL,
  `rating7` int(11) DEFAULT NULL,
  `rating8` int(11) DEFAULT NULL,
  `rating9` int(11) DEFAULT NULL,
  `rating10` int(11) DEFAULT NULL,
  `freeComment` text DEFAULT NULL
) ENGINE=InnoDB DEFAULT CHARSET=utf8mb4 COLLATE=utf8mb4_general_ci;

--
-- Dumping data for table `studentratingstbl`
--

INSERT INTO `studentratingstbl` (`id`, `instructorId`, `studentId`, `sectionId`, `rating1`, `rating2`, `rating3`, `rating4`, `rating5`, `rating6`, `rating7`, `rating8`, `rating9`, `rating10`, `freeComment`) VALUES
(1, 11111111112, '11111111111', 1, 2, 2, 2, 2, 2, 2, 2, 2, 2, 2, 'dwafesvadcz afecd x'),
(2, 11111111111, '11111111111', 1, 5, 5, 4, 4, 4, 2, 1, 4, 3, 3, 'Feedback from student 11111111111 to instructor 11111111111'),
(3, 11111111112, '11111111111', 1, 1, 4, 2, 3, 2, 1, 5, 4, 2, 5, 'Feedback from student 11111111111 to instructor 11111111112'),
(4, 11111111113, '11111111111', 1, 2, 2, 3, 5, 4, 3, 5, 3, 3, 2, 'Feedback from student 11111111111 to instructor 11111111113'),
(5, 11111111114, '11111111111', 1, 2, 2, 3, 4, 4, 3, 5, 2, 2, 3, 'Feedback from student 11111111111 to instructor 11111111114'),
(6, 11111111115, '11111111111', 1, 3, 4, 4, 1, 1, 2, 5, 4, 2, 4, 'Feedback from student 11111111111 to instructor 11111111115'),
(7, 11111111111, '11111111112', 1, 4, 1, 5, 5, 4, 4, 3, 2, 5, 4, 'Feedback from student 11111111112 to instructor 11111111111'),
(8, 11111111112, '11111111112', 1, 1, 5, 5, 2, 4, 3, 5, 3, 1, 3, 'Feedback from student 11111111112 to instructor 11111111112'),
(9, 11111111113, '11111111112', 1, 4, 3, 3, 4, 1, 3, 4, 1, 3, 5, 'Feedback from student 11111111112 to instructor 11111111113'),
(10, 11111111114, '11111111112', 1, 3, 1, 1, 5, 3, 4, 4, 2, 3, 1, 'Feedback from student 11111111112 to instructor 11111111114'),
(11, 11111111115, '11111111112', 1, 5, 4, 1, 4, 4, 3, 2, 3, 1, 2, 'Feedback from student 11111111112 to instructor 11111111115'),
(12, 11111111111, '11111111113', 1, 2, 3, 3, 1, 5, 1, 3, 1, 4, 5, 'Feedback from student 11111111113 to instructor 11111111111'),
(13, 11111111112, '11111111113', 1, 5, 4, 3, 4, 2, 4, 1, 4, 4, 5, 'Feedback from student 11111111113 to instructor 11111111112'),
(14, 11111111113, '11111111113', 1, 3, 2, 2, 3, 3, 2, 2, 4, 3, 1, 'Feedback from student 11111111113 to instructor 11111111113'),
(15, 11111111114, '11111111113', 1, 2, 5, 4, 5, 1, 5, 2, 2, 4, 4, 'Feedback from student 11111111113 to instructor 11111111114'),
(16, 11111111115, '11111111113', 1, 1, 1, 2, 1, 1, 5, 3, 4, 5, 4, 'Feedback from student 11111111113 to instructor 11111111115'),
(17, 11111111111, '11111111114', 1, 5, 3, 2, 1, 2, 4, 1, 4, 1, 1, 'Feedback from student 11111111114 to instructor 11111111111'),
(18, 11111111112, '11111111114', 1, 1, 4, 2, 2, 4, 2, 5, 4, 1, 1, 'Feedback from student 11111111114 to instructor 11111111112'),
(19, 11111111113, '11111111114', 1, 1, 2, 5, 1, 4, 2, 4, 5, 1, 4, 'Feedback from student 11111111114 to instructor 11111111113'),
(20, 11111111114, '11111111114', 1, 3, 2, 3, 3, 3, 2, 3, 3, 2, 1, 'Feedback from student 11111111114 to instructor 11111111114'),
(21, 11111111115, '11111111114', 1, 5, 5, 1, 1, 1, 3, 1, 1, 3, 5, 'Feedback from student 11111111114 to instructor 11111111115'),
(22, 11111111111, '11111111115', 1, 2, 2, 2, 5, 3, 2, 3, 5, 3, 5, 'Feedback from student 11111111115 to instructor 11111111111'),
(23, 11111111112, '11111111115', 1, 1, 3, 2, 4, 5, 5, 3, 3, 1, 4, 'Feedback from student 11111111115 to instructor 11111111112'),
(24, 11111111113, '11111111115', 1, 4, 5, 5, 1, 4, 3, 4, 2, 3, 2, 'Feedback from student 11111111115 to instructor 11111111113'),
(25, 11111111114, '11111111115', 1, 4, 1, 3, 3, 1, 4, 2, 3, 5, 2, 'Feedback from student 11111111115 to instructor 11111111114'),
(26, 11111111115, '11111111115', 1, 1, 4, 5, 1, 5, 1, 2, 5, 5, 2, 'Feedback from student 11111111115 to instructor 11111111115'),
(27, 11111111111, '11111111116', 1, 1, 3, 1, 1, 1, 3, 5, 5, 5, 3, 'Feedback from student 11111111116 to instructor 11111111111'),
(28, 11111111112, '11111111116', 1, 5, 5, 2, 1, 4, 1, 5, 5, 1, 5, 'Feedback from student 11111111116 to instructor 11111111112'),
(29, 11111111113, '11111111116', 1, 2, 3, 3, 3, 5, 1, 2, 4, 2, 5, 'Feedback from student 11111111116 to instructor 11111111113'),
(30, 11111111114, '11111111116', 1, 2, 3, 3, 1, 1, 4, 4, 5, 2, 1, 'Feedback from student 11111111116 to instructor 11111111114'),
(31, 11111111115, '11111111116', 1, 1, 1, 3, 1, 1, 4, 3, 4, 5, 4, 'Feedback from student 11111111116 to instructor 11111111115'),
(32, 11111111111, '11111111117', 1, 1, 1, 1, 1, 1, 1, 1, 5, 2, 2, 'Feedback from student 11111111117 to instructor 11111111111'),
(33, 11111111112, '11111111117', 1, 1, 4, 4, 4, 3, 1, 4, 2, 1, 1, 'Feedback from student 11111111117 to instructor 11111111112'),
(34, 11111111113, '11111111117', 1, 5, 4, 3, 3, 1, 1, 4, 3, 4, 3, 'Feedback from student 11111111117 to instructor 11111111113'),
(35, 11111111114, '11111111117', 1, 2, 3, 3, 5, 2, 2, 1, 5, 1, 5, 'Feedback from student 11111111117 to instructor 11111111114'),
(36, 11111111115, '11111111117', 1, 5, 4, 4, 3, 5, 2, 5, 2, 3, 5, 'Feedback from student 11111111117 to instructor 11111111115'),
(37, 11111111111, '11111111118', 1, 3, 5, 1, 2, 1, 5, 5, 1, 5, 4, 'Feedback from student 11111111118 to instructor 11111111111'),
(38, 11111111112, '11111111118', 1, 2, 4, 4, 3, 5, 2, 1, 4, 4, 2, 'Feedback from student 11111111118 to instructor 11111111112'),
(39, 11111111113, '11111111118', 1, 5, 5, 5, 3, 3, 2, 4, 5, 4, 4, 'Feedback from student 11111111118 to instructor 11111111113'),
(40, 11111111114, '11111111118', 1, 1, 4, 5, 4, 2, 4, 4, 2, 1, 5, 'Feedback from student 11111111118 to instructor 11111111114'),
(41, 11111111115, '11111111118', 1, 5, 3, 4, 4, 5, 5, 2, 1, 5, 2, 'Feedback from student 11111111118 to instructor 11111111115'),
(42, 11111111111, '11111111119', 1, 5, 5, 2, 2, 1, 5, 1, 5, 2, 5, 'Feedback from student 11111111119 to instructor 11111111111'),
(43, 11111111112, '11111111119', 1, 4, 2, 5, 5, 1, 4, 1, 1, 3, 2, 'Feedback from student 11111111119 to instructor 11111111112'),
(44, 11111111113, '11111111119', 1, 3, 5, 3, 1, 5, 4, 4, 4, 5, 3, 'Feedback from student 11111111119 to instructor 11111111113'),
(45, 11111111114, '11111111119', 1, 5, 5, 2, 5, 3, 1, 4, 5, 4, 4, 'Feedback from student 11111111119 to instructor 11111111114'),
(46, 11111111115, '11111111119', 1, 5, 1, 1, 1, 4, 3, 3, 2, 4, 1, 'Feedback from student 11111111119 to instructor 11111111115'),
(47, 11111111111, '11111111120', 1, 3, 1, 2, 2, 3, 2, 1, 5, 3, 1, 'Feedback from student 11111111120 to instructor 11111111111'),
(48, 11111111112, '11111111120', 1, 4, 1, 3, 1, 5, 3, 2, 4, 1, 5, 'Feedback from student 11111111120 to instructor 11111111112'),
(49, 11111111113, '11111111120', 1, 3, 2, 3, 2, 2, 2, 1, 4, 4, 3, 'Feedback from student 11111111120 to instructor 11111111113'),
(50, 11111111114, '11111111120', 1, 2, 3, 1, 4, 2, 1, 3, 2, 2, 3, 'Feedback from student 11111111120 to instructor 11111111114'),
(51, 11111111115, '11111111120', 1, 3, 2, 3, 3, 1, 5, 1, 5, 5, 5, 'Feedback from student 11111111120 to instructor 11111111115'),
(52, 11111111116, '11111111121', 2, 3, 1, 4, 1, 1, 5, 1, 5, 1, 1, 'Feedback from student 11111111121 to instructor 11111111116'),
(53, 11111111117, '11111111121', 2, 2, 1, 5, 2, 2, 2, 5, 4, 2, 4, 'Feedback from student 11111111121 to instructor 11111111117'),
(54, 11111111118, '11111111121', 2, 1, 4, 2, 2, 2, 3, 1, 3, 2, 3, 'Feedback from student 11111111121 to instructor 11111111118'),
(55, 11111111119, '11111111121', 2, 1, 3, 1, 2, 4, 4, 5, 3, 4, 2, 'Feedback from student 11111111121 to instructor 11111111119'),
(56, 11111111120, '11111111121', 2, 2, 5, 3, 4, 4, 5, 3, 5, 4, 1, 'Feedback from student 11111111121 to instructor 11111111120'),
(57, 11111111116, '11111111122', 2, 5, 4, 1, 4, 5, 2, 5, 3, 3, 2, 'Feedback from student 11111111122 to instructor 11111111116'),
(58, 11111111117, '11111111122', 2, 1, 4, 1, 4, 4, 1, 3, 1, 2, 4, 'Feedback from student 11111111122 to instructor 11111111117'),
(59, 11111111118, '11111111122', 2, 4, 5, 3, 2, 5, 2, 1, 4, 3, 5, 'Feedback from student 11111111122 to instructor 11111111118'),
(60, 11111111119, '11111111122', 2, 1, 4, 1, 1, 2, 4, 4, 2, 1, 1, 'Feedback from student 11111111122 to instructor 11111111119'),
(61, 11111111120, '11111111122', 2, 3, 5, 3, 1, 1, 2, 1, 2, 2, 4, 'Feedback from student 11111111122 to instructor 11111111120'),
(62, 11111111116, '11111111123', 2, 3, 5, 5, 5, 3, 2, 3, 4, 3, 5, 'Feedback from student 11111111123 to instructor 11111111116'),
(63, 11111111117, '11111111123', 2, 3, 4, 4, 1, 1, 5, 4, 3, 1, 4, 'Feedback from student 11111111123 to instructor 11111111117'),
(64, 11111111118, '11111111123', 2, 5, 3, 1, 4, 1, 4, 1, 3, 4, 5, 'Feedback from student 11111111123 to instructor 11111111118'),
(65, 11111111119, '11111111123', 2, 4, 2, 4, 5, 2, 4, 4, 5, 5, 1, 'Feedback from student 11111111123 to instructor 11111111119'),
(66, 11111111120, '11111111123', 2, 3, 5, 5, 3, 5, 2, 2, 1, 4, 2, 'Feedback from student 11111111123 to instructor 11111111120'),
(67, 11111111116, '11111111124', 2, 5, 4, 1, 5, 1, 3, 2, 5, 1, 2, 'Feedback from student 11111111124 to instructor 11111111116'),
(68, 11111111117, '11111111124', 2, 4, 3, 2, 4, 1, 2, 3, 5, 1, 5, 'Feedback from student 11111111124 to instructor 11111111117'),
(69, 11111111118, '11111111124', 2, 3, 1, 1, 4, 1, 2, 5, 3, 3, 3, 'Feedback from student 11111111124 to instructor 11111111118'),
(70, 11111111119, '11111111124', 2, 1, 3, 4, 4, 4, 2, 5, 2, 5, 3, 'Feedback from student 11111111124 to instructor 11111111119'),
(71, 11111111120, '11111111124', 2, 3, 3, 2, 4, 3, 2, 1, 4, 5, 4, 'Feedback from student 11111111124 to instructor 11111111120'),
(72, 11111111116, '11111111125', 2, 4, 1, 2, 3, 1, 2, 3, 4, 2, 5, 'Feedback from student 11111111125 to instructor 11111111116'),
(73, 11111111117, '11111111125', 2, 1, 4, 3, 4, 1, 5, 3, 1, 3, 4, 'Feedback from student 11111111125 to instructor 11111111117'),
(74, 11111111118, '11111111125', 2, 5, 4, 1, 2, 5, 2, 2, 3, 5, 5, 'Feedback from student 11111111125 to instructor 11111111118'),
(75, 11111111119, '11111111125', 2, 4, 4, 2, 2, 3, 1, 3, 3, 3, 3, 'Feedback from student 11111111125 to instructor 11111111119'),
(76, 11111111120, '11111111125', 2, 3, 1, 2, 4, 5, 2, 4, 5, 4, 5, 'Feedback from student 11111111125 to instructor 11111111120'),
(77, 11111111116, '11111111126', 2, 3, 5, 5, 3, 1, 1, 5, 3, 5, 4, 'Feedback from student 11111111126 to instructor 11111111116'),
(78, 11111111117, '11111111126', 2, 2, 5, 5, 5, 2, 4, 2, 1, 2, 5, 'Feedback from student 11111111126 to instructor 11111111117'),
(79, 11111111118, '11111111126', 2, 5, 2, 1, 2, 4, 1, 1, 2, 2, 2, 'Feedback from student 11111111126 to instructor 11111111118'),
(80, 11111111119, '11111111126', 2, 3, 3, 4, 5, 2, 1, 5, 3, 2, 2, 'Feedback from student 11111111126 to instructor 11111111119'),
(81, 11111111120, '11111111126', 2, 5, 3, 5, 1, 5, 1, 1, 4, 4, 2, 'Feedback from student 11111111126 to instructor 11111111120'),
(82, 11111111116, '11111111127', 2, 5, 3, 4, 1, 3, 4, 2, 1, 1, 5, 'Feedback from student 11111111127 to instructor 11111111116'),
(83, 11111111117, '11111111127', 2, 1, 5, 4, 2, 2, 2, 1, 1, 3, 4, 'Feedback from student 11111111127 to instructor 11111111117'),
(84, 11111111118, '11111111127', 2, 3, 5, 5, 4, 1, 2, 1, 4, 5, 1, 'Feedback from student 11111111127 to instructor 11111111118'),
(85, 11111111119, '11111111127', 2, 4, 4, 4, 5, 2, 4, 1, 3, 2, 2, 'Feedback from student 11111111127 to instructor 11111111119'),
(86, 11111111120, '11111111127', 2, 3, 4, 1, 4, 4, 4, 1, 1, 1, 4, 'Feedback from student 11111111127 to instructor 11111111120'),
(87, 11111111116, '11111111128', 2, 1, 2, 4, 1, 3, 2, 3, 2, 1, 4, 'Feedback from student 11111111128 to instructor 11111111116'),
(88, 11111111117, '11111111128', 2, 1, 4, 2, 1, 2, 3, 5, 1, 3, 5, 'Feedback from student 11111111128 to instructor 11111111117'),
(89, 11111111118, '11111111128', 2, 5, 5, 1, 1, 2, 2, 3, 2, 1, 1, 'Feedback from student 11111111128 to instructor 11111111118'),
(90, 11111111119, '11111111128', 2, 4, 2, 1, 5, 2, 1, 4, 4, 4, 1, 'Feedback from student 11111111128 to instructor 11111111119'),
(91, 11111111120, '11111111128', 2, 4, 1, 2, 5, 1, 2, 4, 4, 2, 5, 'Feedback from student 11111111128 to instructor 11111111120'),
(92, 11111111116, '11111111129', 2, 3, 4, 5, 2, 3, 4, 5, 5, 4, 5, 'Feedback from student 11111111129 to instructor 11111111116'),
(93, 11111111117, '11111111129', 2, 1, 2, 5, 3, 5, 3, 5, 3, 2, 2, 'Feedback from student 11111111129 to instructor 11111111117'),
(94, 11111111118, '11111111129', 2, 1, 2, 3, 4, 5, 1, 5, 1, 2, 4, 'Feedback from student 11111111129 to instructor 11111111118'),
(95, 11111111119, '11111111129', 2, 4, 5, 4, 3, 1, 2, 5, 5, 5, 5, 'Feedback from student 11111111129 to instructor 11111111119'),
(96, 11111111120, '11111111129', 2, 3, 4, 4, 5, 5, 1, 2, 5, 4, 5, 'Feedback from student 11111111129 to instructor 11111111120'),
(97, 11111111116, '11111111130', 2, 4, 4, 1, 2, 2, 4, 5, 1, 2, 3, 'Feedback from student 11111111130 to instructor 11111111116'),
(98, 11111111117, '11111111130', 2, 5, 5, 4, 5, 1, 1, 2, 2, 3, 1, 'Feedback from student 11111111130 to instructor 11111111117'),
(99, 11111111118, '11111111130', 2, 4, 5, 1, 4, 2, 5, 1, 1, 2, 4, 'Feedback from student 11111111130 to instructor 11111111118'),
(100, 11111111119, '11111111130', 2, 1, 2, 3, 5, 4, 3, 2, 5, 2, 3, 'Feedback from student 11111111130 to instructor 11111111119'),
(101, 11111111120, '11111111130', 2, 2, 4, 3, 2, 1, 2, 4, 2, 4, 5, 'Feedback from student 11111111130 to instructor 11111111120'),
(102, 11111111121, '11111111131', 3, 2, 4, 1, 1, 2, 5, 1, 3, 4, 4, 'Feedback from student 11111111131 to instructor 11111111121'),
(103, 11111111122, '11111111131', 3, 5, 3, 3, 2, 2, 2, 2, 5, 2, 1, 'Feedback from student 11111111131 to instructor 11111111122'),
(104, 11111111123, '11111111131', 3, 1, 1, 5, 3, 5, 5, 5, 3, 3, 5, 'Feedback from student 11111111131 to instructor 11111111123'),
(105, 11111111124, '11111111131', 3, 5, 4, 2, 1, 3, 3, 1, 5, 3, 3, 'Feedback from student 11111111131 to instructor 11111111124'),
(106, 11111111125, '11111111131', 3, 1, 4, 1, 3, 3, 1, 1, 5, 2, 4, 'Feedback from student 11111111131 to instructor 11111111125'),
(107, 11111111121, '11111111132', 3, 1, 2, 4, 2, 5, 3, 3, 4, 2, 3, 'Feedback from student 11111111132 to instructor 11111111121'),
(108, 11111111122, '11111111132', 3, 2, 5, 2, 3, 1, 1, 1, 5, 3, 5, 'Feedback from student 11111111132 to instructor 11111111122'),
(109, 11111111123, '11111111132', 3, 4, 3, 2, 4, 1, 4, 2, 3, 2, 1, 'Feedback from student 11111111132 to instructor 11111111123'),
(110, 11111111124, '11111111132', 3, 1, 5, 3, 2, 4, 1, 2, 1, 5, 1, 'Feedback from student 11111111132 to instructor 11111111124'),
(111, 11111111125, '11111111132', 3, 1, 4, 2, 3, 2, 1, 3, 5, 5, 4, 'Feedback from student 11111111132 to instructor 11111111125'),
(112, 11111111121, '11111111133', 3, 4, 3, 2, 5, 5, 4, 5, 5, 4, 5, 'Feedback from student 11111111133 to instructor 11111111121'),
(113, 11111111122, '11111111133', 3, 3, 4, 5, 4, 4, 4, 1, 5, 1, 3, 'Feedback from student 11111111133 to instructor 11111111122'),
(114, 11111111123, '11111111133', 3, 5, 4, 2, 3, 3, 3, 3, 3, 4, 4, 'Feedback from student 11111111133 to instructor 11111111123'),
(115, 11111111124, '11111111133', 3, 1, 5, 1, 5, 2, 4, 3, 5, 3, 1, 'Feedback from student 11111111133 to instructor 11111111124'),
(116, 11111111125, '11111111133', 3, 1, 4, 1, 2, 1, 1, 3, 3, 2, 1, 'Feedback from student 11111111133 to instructor 11111111125'),
(117, 11111111121, '11111111134', 3, 1, 2, 3, 3, 3, 1, 2, 5, 3, 1, 'Feedback from student 11111111134 to instructor 11111111121'),
(118, 11111111122, '11111111134', 3, 2, 1, 3, 2, 5, 2, 4, 3, 4, 5, 'Feedback from student 11111111134 to instructor 11111111122'),
(119, 11111111123, '11111111134', 3, 2, 1, 3, 3, 3, 3, 4, 2, 3, 5, 'Feedback from student 11111111134 to instructor 11111111123'),
(120, 11111111124, '11111111134', 3, 4, 5, 2, 2, 2, 5, 5, 2, 1, 5, 'Feedback from student 11111111134 to instructor 11111111124'),
(121, 11111111125, '11111111134', 3, 1, 3, 2, 2, 5, 2, 3, 1, 1, 4, 'Feedback from student 11111111134 to instructor 11111111125'),
(122, 11111111121, '11111111135', 3, 3, 3, 4, 2, 3, 2, 5, 1, 1, 1, 'Feedback from student 11111111135 to instructor 11111111121'),
(123, 11111111122, '11111111135', 3, 1, 4, 4, 3, 3, 3, 2, 3, 4, 1, 'Feedback from student 11111111135 to instructor 11111111122'),
(124, 11111111123, '11111111135', 3, 5, 5, 1, 4, 3, 1, 1, 5, 1, 3, 'Feedback from student 11111111135 to instructor 11111111123'),
(125, 11111111124, '11111111135', 3, 4, 1, 2, 1, 5, 4, 2, 5, 4, 5, 'Feedback from student 11111111135 to instructor 11111111124'),
(126, 11111111125, '11111111135', 3, 5, 2, 3, 3, 5, 2, 1, 5, 2, 1, 'Feedback from student 11111111135 to instructor 11111111125'),
(127, 11111111121, '11111111136', 3, 1, 1, 4, 3, 2, 5, 4, 5, 1, 5, 'Feedback from student 11111111136 to instructor 11111111121'),
(128, 11111111122, '11111111136', 3, 5, 2, 4, 1, 5, 4, 4, 3, 5, 3, 'Feedback from student 11111111136 to instructor 11111111122'),
(129, 11111111123, '11111111136', 3, 4, 4, 3, 3, 4, 2, 3, 4, 5, 2, 'Feedback from student 11111111136 to instructor 11111111123'),
(130, 11111111124, '11111111136', 3, 1, 5, 3, 4, 2, 2, 1, 5, 1, 3, 'Feedback from student 11111111136 to instructor 11111111124'),
(131, 11111111125, '11111111136', 3, 5, 4, 5, 5, 4, 1, 4, 3, 1, 4, 'Feedback from student 11111111136 to instructor 11111111125'),
(132, 11111111121, '11111111137', 3, 5, 1, 1, 2, 5, 5, 1, 4, 3, 2, 'Feedback from student 11111111137 to instructor 11111111121'),
(133, 11111111122, '11111111137', 3, 5, 2, 1, 3, 5, 5, 1, 4, 1, 2, 'Feedback from student 11111111137 to instructor 11111111122'),
(134, 11111111123, '11111111137', 3, 2, 2, 1, 4, 2, 5, 5, 3, 5, 3, 'Feedback from student 11111111137 to instructor 11111111123'),
(135, 11111111124, '11111111137', 3, 1, 5, 2, 3, 4, 4, 5, 1, 2, 2, 'Feedback from student 11111111137 to instructor 11111111124'),
(136, 11111111125, '11111111137', 3, 5, 3, 1, 3, 4, 5, 2, 2, 2, 3, 'Feedback from student 11111111137 to instructor 11111111125'),
(137, 11111111121, '11111111138', 3, 1, 3, 3, 2, 1, 3, 5, 1, 1, 2, 'Feedback from student 11111111138 to instructor 11111111121'),
(138, 11111111122, '11111111138', 3, 2, 1, 3, 4, 1, 1, 5, 3, 2, 2, 'Feedback from student 11111111138 to instructor 11111111122'),
(139, 11111111123, '11111111138', 3, 1, 5, 1, 1, 4, 3, 1, 5, 3, 2, 'Feedback from student 11111111138 to instructor 11111111123'),
(140, 11111111124, '11111111138', 3, 4, 5, 1, 2, 1, 4, 2, 2, 2, 3, 'Feedback from student 11111111138 to instructor 11111111124'),
(141, 11111111125, '11111111138', 3, 4, 5, 2, 2, 4, 5, 3, 5, 4, 2, 'Feedback from student 11111111138 to instructor 11111111125'),
(142, 11111111121, '11111111139', 3, 5, 2, 4, 2, 1, 5, 2, 1, 2, 1, 'Feedback from student 11111111139 to instructor 11111111121'),
(143, 11111111122, '11111111139', 3, 2, 2, 5, 4, 4, 3, 4, 4, 4, 3, 'Feedback from student 11111111139 to instructor 11111111122'),
(144, 11111111123, '11111111139', 3, 5, 5, 2, 3, 3, 3, 2, 4, 2, 3, 'Feedback from student 11111111139 to instructor 11111111123'),
(145, 11111111124, '11111111139', 3, 5, 5, 3, 3, 5, 5, 3, 1, 1, 1, 'Feedback from student 11111111139 to instructor 11111111124'),
(146, 11111111125, '11111111139', 3, 5, 1, 2, 2, 5, 2, 4, 2, 3, 3, 'Feedback from student 11111111139 to instructor 11111111125'),
(147, 11111111121, '11111111140', 3, 3, 4, 3, 5, 2, 1, 5, 4, 1, 1, 'Feedback from student 11111111140 to instructor 11111111121'),
(148, 11111111122, '11111111140', 3, 1, 5, 4, 4, 3, 2, 3, 4, 5, 1, 'Feedback from student 11111111140 to instructor 11111111122'),
(149, 11111111123, '11111111140', 3, 1, 2, 4, 1, 2, 1, 3, 4, 1, 5, 'Feedback from student 11111111140 to instructor 11111111123'),
(150, 11111111124, '11111111140', 3, 2, 3, 1, 5, 2, 5, 3, 2, 2, 5, 'Feedback from student 11111111140 to instructor 11111111124'),
(151, 11111111125, '11111111140', 3, 5, 5, 2, 4, 1, 5, 1, 3, 1, 4, 'Feedback from student 11111111140 to instructor 11111111125'),
(152, 11111111111, '11111111141', 4, 3, 4, 2, 4, 3, 1, 5, 1, 4, 3, 'Feedback from student 11111111141 to instructor 11111111111'),
(153, 11111111112, '11111111141', 4, 4, 1, 5, 4, 3, 5, 2, 5, 5, 3, 'Feedback from student 11111111141 to instructor 11111111112'),
(154, 11111111113, '11111111141', 4, 3, 3, 3, 2, 5, 3, 5, 5, 4, 4, 'Feedback from student 11111111141 to instructor 11111111113'),
(155, 11111111114, '11111111141', 4, 1, 5, 5, 1, 3, 4, 2, 5, 2, 2, 'Feedback from student 11111111141 to instructor 11111111114'),
(156, 11111111115, '11111111141', 4, 2, 1, 4, 4, 2, 1, 5, 4, 2, 4, 'Feedback from student 11111111141 to instructor 11111111115'),
(157, 11111111111, '11111111142', 4, 3, 4, 4, 1, 5, 2, 1, 4, 5, 3, 'Feedback from student 11111111142 to instructor 11111111111'),
(158, 11111111112, '11111111142', 4, 5, 1, 3, 1, 5, 1, 4, 5, 5, 4, 'Feedback from student 11111111142 to instructor 11111111112'),
(159, 11111111113, '11111111142', 4, 2, 4, 3, 2, 5, 2, 1, 1, 3, 2, 'Feedback from student 11111111142 to instructor 11111111113'),
(160, 11111111114, '11111111142', 4, 1, 4, 2, 1, 2, 1, 3, 5, 2, 4, 'Feedback from student 11111111142 to instructor 11111111114'),
(161, 11111111115, '11111111142', 4, 2, 1, 5, 3, 4, 4, 3, 4, 3, 4, 'Feedback from student 11111111142 to instructor 11111111115'),
(162, 11111111111, '11111111143', 4, 1, 5, 4, 5, 5, 5, 1, 2, 3, 4, 'Feedback from student 11111111143 to instructor 11111111111'),
(163, 11111111112, '11111111143', 4, 4, 4, 5, 4, 3, 2, 1, 4, 2, 5, 'Feedback from student 11111111143 to instructor 11111111112'),
(164, 11111111113, '11111111143', 4, 5, 5, 1, 3, 1, 5, 5, 4, 4, 4, 'Feedback from student 11111111143 to instructor 11111111113'),
(165, 11111111114, '11111111143', 4, 1, 2, 3, 3, 2, 4, 2, 5, 5, 2, 'Feedback from student 11111111143 to instructor 11111111114'),
(166, 11111111115, '11111111143', 4, 5, 4, 1, 5, 3, 1, 4, 1, 3, 5, 'Feedback from student 11111111143 to instructor 11111111115'),
(167, 11111111111, '11111111144', 4, 3, 4, 3, 3, 4, 5, 2, 3, 5, 1, 'Feedback from student 11111111144 to instructor 11111111111'),
(168, 11111111112, '11111111144', 4, 2, 5, 5, 3, 2, 5, 1, 3, 4, 5, 'Feedback from student 11111111144 to instructor 11111111112'),
(169, 11111111113, '11111111144', 4, 3, 2, 4, 1, 2, 3, 1, 3, 2, 2, 'Feedback from student 11111111144 to instructor 11111111113'),
(170, 11111111114, '11111111144', 4, 2, 5, 4, 4, 5, 5, 3, 3, 3, 3, 'Feedback from student 11111111144 to instructor 11111111114'),
(171, 11111111115, '11111111144', 4, 3, 1, 4, 5, 3, 2, 5, 1, 5, 2, 'Feedback from student 11111111144 to instructor 11111111115'),
(172, 11111111111, '11111111145', 4, 5, 5, 4, 5, 3, 3, 4, 1, 2, 5, 'Feedback from student 11111111145 to instructor 11111111111'),
(173, 11111111112, '11111111145', 4, 2, 3, 1, 3, 2, 5, 4, 4, 5, 5, 'Feedback from student 11111111145 to instructor 11111111112'),
(174, 11111111113, '11111111145', 4, 4, 2, 1, 1, 2, 5, 5, 4, 2, 5, 'Feedback from student 11111111145 to instructor 11111111113'),
(175, 11111111114, '11111111145', 4, 4, 2, 2, 1, 5, 1, 5, 4, 4, 3, 'Feedback from student 11111111145 to instructor 11111111114'),
(176, 11111111115, '11111111145', 4, 2, 1, 3, 3, 4, 1, 1, 5, 4, 1, 'Feedback from student 11111111145 to instructor 11111111115'),
(177, 11111111111, '11111111146', 4, 2, 4, 4, 5, 2, 3, 4, 2, 3, 1, 'Feedback from student 11111111146 to instructor 11111111111'),
(178, 11111111112, '11111111146', 4, 3, 5, 5, 3, 4, 2, 3, 3, 4, 5, 'Feedback from student 11111111146 to instructor 11111111112'),
(179, 11111111113, '11111111146', 4, 5, 1, 3, 4, 3, 4, 2, 5, 1, 5, 'Feedback from student 11111111146 to instructor 11111111113'),
(180, 11111111114, '11111111146', 4, 1, 2, 3, 2, 2, 3, 2, 3, 3, 3, 'Feedback from student 11111111146 to instructor 11111111114'),
(181, 11111111115, '11111111146', 4, 4, 4, 3, 3, 4, 2, 4, 4, 4, 3, 'Feedback from student 11111111146 to instructor 11111111115'),
(182, 11111111111, '11111111147', 4, 4, 3, 5, 1, 1, 4, 1, 3, 2, 3, 'Feedback from student 11111111147 to instructor 11111111111'),
(183, 11111111112, '11111111147', 4, 4, 2, 3, 1, 1, 4, 2, 3, 4, 5, 'Feedback from student 11111111147 to instructor 11111111112'),
(184, 11111111113, '11111111147', 4, 5, 2, 4, 4, 2, 2, 5, 4, 3, 1, 'Feedback from student 11111111147 to instructor 11111111113'),
(185, 11111111114, '11111111147', 4, 2, 1, 2, 2, 3, 4, 1, 4, 3, 5, 'Feedback from student 11111111147 to instructor 11111111114'),
(186, 11111111115, '11111111147', 4, 1, 2, 3, 2, 4, 3, 4, 5, 1, 5, 'Feedback from student 11111111147 to instructor 11111111115'),
(187, 11111111111, '11111111148', 4, 3, 3, 2, 5, 1, 3, 2, 2, 5, 1, 'Feedback from student 11111111148 to instructor 11111111111'),
(188, 11111111112, '11111111148', 4, 1, 3, 2, 5, 5, 4, 3, 4, 1, 4, 'Feedback from student 11111111148 to instructor 11111111112'),
(189, 11111111113, '11111111148', 4, 2, 5, 1, 2, 5, 1, 3, 2, 1, 5, 'Feedback from student 11111111148 to instructor 11111111113'),
(190, 11111111114, '11111111148', 4, 3, 2, 5, 4, 5, 2, 4, 2, 4, 4, 'Feedback from student 11111111148 to instructor 11111111114'),
(191, 11111111115, '11111111148', 4, 5, 2, 5, 5, 5, 2, 4, 1, 2, 2, 'Feedback from student 11111111148 to instructor 11111111115'),
(192, 11111111111, '11111111149', 4, 4, 5, 5, 3, 4, 3, 2, 4, 4, 3, 'Feedback from student 11111111149 to instructor 11111111111'),
(193, 11111111112, '11111111149', 4, 4, 4, 2, 4, 2, 5, 3, 3, 1, 5, 'Feedback from student 11111111149 to instructor 11111111112'),
(194, 11111111113, '11111111149', 4, 5, 3, 5, 1, 5, 2, 1, 2, 1, 4, 'Feedback from student 11111111149 to instructor 11111111113'),
(195, 11111111114, '11111111149', 4, 4, 3, 2, 1, 1, 2, 3, 3, 2, 2, 'Feedback from student 11111111149 to instructor 11111111114'),
(196, 11111111115, '11111111149', 4, 1, 1, 5, 4, 5, 4, 2, 1, 5, 4, 'Feedback from student 11111111149 to instructor 11111111115'),
(197, 11111111111, '11111111150', 4, 2, 5, 5, 4, 5, 3, 2, 3, 3, 1, 'Feedback from student 11111111150 to instructor 11111111111'),
(198, 11111111112, '11111111150', 4, 5, 1, 2, 5, 1, 4, 2, 1, 1, 1, 'Feedback from student 11111111150 to instructor 11111111112'),
(199, 11111111113, '11111111150', 4, 2, 5, 5, 1, 2, 4, 1, 3, 3, 5, 'Feedback from student 11111111150 to instructor 11111111113'),
(200, 11111111114, '11111111150', 4, 1, 5, 5, 5, 4, 5, 4, 1, 4, 2, 'Feedback from student 11111111150 to instructor 11111111114'),
(201, 11111111115, '11111111150', 4, 3, 1, 3, 3, 2, 4, 3, 5, 5, 1, 'Feedback from student 11111111150 to instructor 11111111115'),
(202, 11111111116, '11111111151', 5, 1, 1, 1, 3, 2, 4, 2, 4, 1, 1, 'Feedback from student 11111111151 to instructor 11111111116'),
(203, 11111111117, '11111111151', 5, 2, 1, 3, 2, 3, 3, 3, 4, 5, 3, 'Feedback from student 11111111151 to instructor 11111111117'),
(204, 11111111118, '11111111151', 5, 1, 2, 5, 5, 2, 1, 1, 1, 4, 5, 'Feedback from student 11111111151 to instructor 11111111118'),
(205, 11111111119, '11111111151', 5, 1, 4, 3, 1, 1, 5, 2, 2, 3, 3, 'Feedback from student 11111111151 to instructor 11111111119'),
(206, 11111111120, '11111111151', 5, 3, 1, 2, 2, 1, 4, 3, 1, 3, 5, 'Feedback from student 11111111151 to instructor 11111111120'),
(207, 11111111116, '11111111152', 5, 4, 2, 3, 3, 1, 3, 3, 5, 2, 1, 'Feedback from student 11111111152 to instructor 11111111116'),
(208, 11111111117, '11111111152', 5, 2, 4, 2, 3, 4, 2, 1, 2, 5, 2, 'Feedback from student 11111111152 to instructor 11111111117'),
(209, 11111111118, '11111111152', 5, 3, 2, 2, 4, 5, 5, 4, 5, 2, 3, 'Feedback from student 11111111152 to instructor 11111111118'),
(210, 11111111119, '11111111152', 5, 2, 5, 4, 5, 5, 5, 2, 4, 5, 4, 'Feedback from student 11111111152 to instructor 11111111119'),
(211, 11111111120, '11111111152', 5, 3, 1, 5, 2, 4, 5, 3, 5, 3, 5, 'Feedback from student 11111111152 to instructor 11111111120'),
(212, 11111111116, '11111111153', 5, 3, 4, 3, 1, 2, 3, 1, 4, 4, 3, 'Feedback from student 11111111153 to instructor 11111111116'),
(213, 11111111117, '11111111153', 5, 1, 3, 2, 2, 1, 2, 1, 2, 1, 1, 'Feedback from student 11111111153 to instructor 11111111117'),
(214, 11111111118, '11111111153', 5, 4, 1, 2, 2, 5, 3, 1, 4, 1, 2, 'Feedback from student 11111111153 to instructor 11111111118'),
(215, 11111111119, '11111111153', 5, 4, 4, 4, 4, 2, 5, 2, 4, 2, 3, 'Feedback from student 11111111153 to instructor 11111111119'),
(216, 11111111120, '11111111153', 5, 3, 2, 3, 2, 3, 4, 2, 3, 2, 4, 'Feedback from student 11111111153 to instructor 11111111120'),
(217, 11111111116, '11111111154', 5, 2, 4, 5, 3, 3, 4, 1, 3, 2, 3, 'Feedback from student 11111111154 to instructor 11111111116'),
(218, 11111111117, '11111111154', 5, 3, 2, 5, 4, 1, 2, 2, 3, 1, 4, 'Feedback from student 11111111154 to instructor 11111111117'),
(219, 11111111118, '11111111154', 5, 5, 3, 5, 3, 4, 1, 4, 4, 3, 2, 'Feedback from student 11111111154 to instructor 11111111118'),
(220, 11111111119, '11111111154', 5, 4, 5, 5, 1, 3, 1, 4, 4, 1, 1, 'Feedback from student 11111111154 to instructor 11111111119'),
(221, 11111111120, '11111111154', 5, 1, 1, 5, 4, 4, 1, 1, 5, 4, 4, 'Feedback from student 11111111154 to instructor 11111111120'),
(222, 11111111116, '11111111155', 5, 1, 4, 5, 5, 4, 1, 1, 5, 4, 1, 'Feedback from student 11111111155 to instructor 11111111116'),
(223, 11111111117, '11111111155', 5, 5, 5, 2, 3, 1, 5, 2, 5, 4, 4, 'Feedback from student 11111111155 to instructor 11111111117'),
(224, 11111111118, '11111111155', 5, 2, 5, 5, 1, 5, 1, 3, 5, 5, 3, 'Feedback from student 11111111155 to instructor 11111111118'),
(225, 11111111119, '11111111155', 5, 2, 1, 3, 4, 4, 4, 2, 4, 5, 1, 'Feedback from student 11111111155 to instructor 11111111119'),
(226, 11111111120, '11111111155', 5, 3, 5, 3, 1, 2, 4, 3, 5, 5, 5, 'Feedback from student 11111111155 to instructor 11111111120'),
(227, 11111111116, '11111111156', 5, 2, 1, 5, 4, 4, 5, 3, 1, 4, 5, 'Feedback from student 11111111156 to instructor 11111111116'),
(228, 11111111117, '11111111156', 5, 3, 4, 1, 3, 4, 2, 1, 1, 4, 4, 'Feedback from student 11111111156 to instructor 11111111117'),
(229, 11111111118, '11111111156', 5, 1, 5, 1, 4, 2, 2, 3, 4, 1, 5, 'Feedback from student 11111111156 to instructor 11111111118'),
(230, 11111111119, '11111111156', 5, 3, 2, 4, 3, 5, 1, 2, 5, 3, 4, 'Feedback from student 11111111156 to instructor 11111111119'),
(231, 11111111120, '11111111156', 5, 5, 2, 4, 3, 3, 5, 4, 5, 5, 4, 'Feedback from student 11111111156 to instructor 11111111120'),
(232, 11111111116, '11111111157', 5, 1, 1, 3, 5, 1, 1, 4, 3, 5, 2, 'Feedback from student 11111111157 to instructor 11111111116'),
(233, 11111111117, '11111111157', 5, 5, 3, 2, 5, 1, 2, 2, 4, 1, 2, 'Feedback from student 11111111157 to instructor 11111111117'),
(234, 11111111118, '11111111157', 5, 3, 2, 3, 2, 3, 4, 3, 3, 3, 3, 'Feedback from student 11111111157 to instructor 11111111118'),
(235, 11111111119, '11111111157', 5, 3, 1, 3, 3, 4, 3, 5, 3, 3, 5, 'Feedback from student 11111111157 to instructor 11111111119'),
(236, 11111111120, '11111111157', 5, 2, 4, 1, 2, 2, 4, 5, 4, 4, 2, 'Feedback from student 11111111157 to instructor 11111111120'),
(237, 11111111116, '11111111158', 5, 2, 2, 2, 2, 5, 4, 5, 3, 5, 5, 'Feedback from student 11111111158 to instructor 11111111116'),
(238, 11111111117, '11111111158', 5, 5, 2, 1, 2, 3, 2, 1, 1, 2, 3, 'Feedback from student 11111111158 to instructor 11111111117'),
(239, 11111111118, '11111111158', 5, 1, 3, 1, 4, 4, 4, 2, 3, 3, 2, 'Feedback from student 11111111158 to instructor 11111111118'),
(240, 11111111119, '11111111158', 5, 5, 5, 3, 5, 3, 5, 1, 1, 1, 3, 'Feedback from student 11111111158 to instructor 11111111119'),
(241, 11111111120, '11111111158', 5, 4, 3, 3, 2, 4, 4, 3, 1, 4, 1, 'Feedback from student 11111111158 to instructor 11111111120'),
(242, 11111111116, '11111111159', 5, 2, 3, 5, 4, 3, 4, 5, 3, 5, 4, 'Feedback from student 11111111159 to instructor 11111111116'),
(243, 11111111117, '11111111159', 5, 3, 5, 4, 5, 3, 3, 4, 4, 2, 5, 'Feedback from student 11111111159 to instructor 11111111117'),
(244, 11111111118, '11111111159', 5, 1, 3, 2, 1, 1, 2, 5, 4, 2, 3, 'Feedback from student 11111111159 to instructor 11111111118'),
(245, 11111111119, '11111111159', 5, 3, 5, 5, 4, 1, 3, 5, 4, 4, 3, 'Feedback from student 11111111159 to instructor 11111111119'),
(246, 11111111120, '11111111159', 5, 2, 1, 3, 4, 5, 4, 1, 2, 5, 4, 'Feedback from student 11111111159 to instructor 11111111120'),
(247, 11111111116, '11111111160', 5, 5, 4, 4, 2, 3, 5, 1, 1, 2, 2, 'Feedback from student 11111111160 to instructor 11111111116'),
(248, 11111111117, '11111111160', 5, 4, 3, 5, 2, 2, 2, 3, 4, 1, 4, 'Feedback from student 11111111160 to instructor 11111111117'),
(249, 11111111118, '11111111160', 5, 3, 4, 4, 4, 4, 4, 3, 5, 5, 4, 'Feedback from student 11111111160 to instructor 11111111118'),
(250, 11111111119, '11111111160', 5, 5, 2, 4, 1, 4, 3, 3, 5, 1, 5, 'Feedback from student 11111111160 to instructor 11111111119'),
(251, 11111111120, '11111111160', 5, 4, 3, 5, 3, 1, 1, 1, 2, 5, 5, 'Feedback from student 11111111160 to instructor 11111111120'),
(252, 11111111121, '11111111161', 6, 3, 2, 3, 3, 5, 3, 5, 4, 5, 3, 'Feedback from student 11111111161 to instructor 11111111121'),
(253, 11111111122, '11111111161', 6, 2, 1, 4, 4, 3, 4, 5, 3, 4, 1, 'Feedback from student 11111111161 to instructor 11111111122'),
(254, 11111111123, '11111111161', 6, 2, 3, 5, 4, 1, 1, 3, 1, 2, 5, 'Feedback from student 11111111161 to instructor 11111111123'),
(255, 11111111124, '11111111161', 6, 1, 4, 4, 2, 5, 4, 4, 1, 3, 4, 'Feedback from student 11111111161 to instructor 11111111124'),
(256, 11111111125, '11111111161', 6, 5, 1, 2, 4, 2, 2, 1, 2, 2, 1, 'Feedback from student 11111111161 to instructor 11111111125'),
(257, 11111111121, '11111111162', 6, 5, 5, 1, 4, 4, 4, 1, 5, 4, 5, 'Feedback from student 11111111162 to instructor 11111111121'),
(258, 11111111122, '11111111162', 6, 4, 1, 1, 4, 5, 3, 4, 2, 5, 4, 'Feedback from student 11111111162 to instructor 11111111122'),
(259, 11111111123, '11111111162', 6, 2, 5, 5, 5, 4, 1, 3, 3, 1, 5, 'Feedback from student 11111111162 to instructor 11111111123'),
(260, 11111111124, '11111111162', 6, 5, 5, 1, 2, 1, 2, 4, 3, 2, 4, 'Feedback from student 11111111162 to instructor 11111111124'),
(261, 11111111125, '11111111162', 6, 4, 3, 5, 3, 3, 5, 1, 4, 2, 5, 'Feedback from student 11111111162 to instructor 11111111125'),
(262, 11111111121, '11111111163', 6, 5, 5, 5, 5, 1, 4, 1, 2, 2, 3, 'Feedback from student 11111111163 to instructor 11111111121'),
(263, 11111111122, '11111111163', 6, 1, 4, 1, 1, 1, 3, 2, 2, 2, 4, 'Feedback from student 11111111163 to instructor 11111111122'),
(264, 11111111123, '11111111163', 6, 5, 5, 3, 1, 4, 3, 3, 3, 1, 1, 'Feedback from student 11111111163 to instructor 11111111123'),
(265, 11111111124, '11111111163', 6, 2, 1, 5, 5, 5, 2, 4, 1, 4, 2, 'Feedback from student 11111111163 to instructor 11111111124'),
(266, 11111111125, '11111111163', 6, 5, 1, 5, 5, 5, 4, 4, 4, 1, 1, 'Feedback from student 11111111163 to instructor 11111111125'),
(267, 11111111121, '11111111164', 6, 5, 5, 1, 1, 4, 5, 5, 4, 4, 2, 'Feedback from student 11111111164 to instructor 11111111121'),
(268, 11111111122, '11111111164', 6, 1, 1, 4, 5, 5, 3, 3, 1, 5, 5, 'Feedback from student 11111111164 to instructor 11111111122'),
(269, 11111111123, '11111111164', 6, 3, 4, 2, 5, 4, 5, 4, 4, 1, 4, 'Feedback from student 11111111164 to instructor 11111111123'),
(270, 11111111124, '11111111164', 6, 1, 4, 3, 3, 2, 3, 1, 4, 1, 4, 'Feedback from student 11111111164 to instructor 11111111124'),
(271, 11111111125, '11111111164', 6, 5, 5, 2, 3, 5, 3, 4, 5, 3, 4, 'Feedback from student 11111111164 to instructor 11111111125'),
(272, 11111111121, '11111111165', 6, 2, 1, 3, 1, 1, 3, 3, 2, 2, 1, 'Feedback from student 11111111165 to instructor 11111111121'),
(273, 11111111122, '11111111165', 6, 2, 4, 1, 3, 2, 1, 5, 5, 3, 1, 'Feedback from student 11111111165 to instructor 11111111122'),
(274, 11111111123, '11111111165', 6, 1, 5, 2, 5, 3, 4, 1, 3, 5, 1, 'Feedback from student 11111111165 to instructor 11111111123'),
(275, 11111111124, '11111111165', 6, 2, 1, 2, 3, 2, 1, 2, 3, 5, 1, 'Feedback from student 11111111165 to instructor 11111111124'),
(276, 11111111125, '11111111165', 6, 1, 4, 3, 1, 4, 3, 4, 1, 3, 4, 'Feedback from student 11111111165 to instructor 11111111125'),
(277, 11111111121, '11111111166', 6, 3, 2, 5, 2, 3, 3, 3, 2, 1, 1, 'Feedback from student 11111111166 to instructor 11111111121'),
(278, 11111111122, '11111111166', 6, 3, 5, 2, 1, 4, 1, 3, 4, 1, 4, 'Feedback from student 11111111166 to instructor 11111111122'),
(279, 11111111123, '11111111166', 6, 2, 2, 4, 2, 4, 5, 5, 4, 3, 4, 'Feedback from student 11111111166 to instructor 11111111123'),
(280, 11111111124, '11111111166', 6, 5, 3, 2, 4, 5, 3, 4, 2, 3, 3, 'Feedback from student 11111111166 to instructor 11111111124'),
(281, 11111111125, '11111111166', 6, 2, 1, 3, 3, 2, 4, 4, 4, 3, 5, 'Feedback from student 11111111166 to instructor 11111111125'),
(282, 11111111121, '11111111167', 6, 5, 3, 4, 2, 4, 2, 4, 4, 4, 5, 'Feedback from student 11111111167 to instructor 11111111121'),
(283, 11111111122, '11111111167', 6, 2, 5, 5, 1, 2, 1, 2, 1, 5, 3, 'Feedback from student 11111111167 to instructor 11111111122'),
(284, 11111111123, '11111111167', 6, 4, 2, 2, 3, 5, 2, 5, 2, 5, 5, 'Feedback from student 11111111167 to instructor 11111111123'),
(285, 11111111124, '11111111167', 6, 4, 4, 3, 5, 2, 1, 5, 3, 3, 3, 'Feedback from student 11111111167 to instructor 11111111124'),
(286, 11111111125, '11111111167', 6, 2, 5, 5, 5, 2, 1, 3, 4, 2, 3, 'Feedback from student 11111111167 to instructor 11111111125'),
(287, 11111111121, '11111111168', 6, 2, 5, 2, 1, 5, 5, 5, 4, 5, 3, 'Feedback from student 11111111168 to instructor 11111111121'),
(288, 11111111122, '11111111168', 6, 3, 2, 5, 5, 1, 4, 3, 4, 1, 4, 'Feedback from student 11111111168 to instructor 11111111122'),
(289, 11111111123, '11111111168', 6, 2, 1, 3, 2, 1, 4, 3, 4, 3, 5, 'Feedback from student 11111111168 to instructor 11111111123'),
(290, 11111111124, '11111111168', 6, 3, 1, 2, 1, 2, 3, 5, 2, 1, 1, 'Feedback from student 11111111168 to instructor 11111111124'),
(291, 11111111125, '11111111168', 6, 4, 2, 5, 1, 2, 2, 1, 2, 5, 2, 'Feedback from student 11111111168 to instructor 11111111125'),
(292, 11111111121, '11111111169', 6, 3, 2, 5, 1, 4, 1, 1, 3, 4, 1, 'Feedback from student 11111111169 to instructor 11111111121'),
(293, 11111111122, '11111111169', 6, 5, 2, 4, 2, 2, 3, 5, 1, 4, 5, 'Feedback from student 11111111169 to instructor 11111111122'),
(294, 11111111123, '11111111169', 6, 3, 5, 3, 4, 4, 5, 1, 1, 2, 4, 'Feedback from student 11111111169 to instructor 11111111123'),
(295, 11111111124, '11111111169', 6, 2, 2, 4, 3, 1, 2, 1, 4, 2, 2, 'Feedback from student 11111111169 to instructor 11111111124'),
(296, 11111111125, '11111111169', 6, 3, 3, 4, 3, 2, 5, 1, 3, 2, 4, 'Feedback from student 11111111169 to instructor 11111111125'),
(297, 11111111121, '11111111170', 6, 1, 3, 4, 5, 4, 3, 4, 4, 1, 3, 'Feedback from student 11111111170 to instructor 11111111121'),
(298, 11111111122, '11111111170', 6, 1, 3, 5, 4, 4, 3, 2, 5, 5, 4, 'Feedback from student 11111111170 to instructor 11111111122'),
(299, 11111111123, '11111111170', 6, 1, 5, 5, 1, 4, 3, 5, 2, 5, 3, 'Feedback from student 11111111170 to instructor 11111111123'),
(300, 11111111124, '11111111170', 6, 5, 5, 3, 1, 5, 5, 2, 1, 5, 1, 'Feedback from student 11111111170 to instructor 11111111124'),
(301, 11111111125, '11111111170', 6, 2, 2, 1, 5, 1, 1, 1, 1, 5, 3, 'Feedback from student 11111111170 to instructor 11111111125'),
(302, 11111111111, '11111111171', 7, 4, 4, 1, 3, 2, 4, 4, 2, 4, 1, 'Feedback from student 11111111171 to instructor 11111111111'),
(303, 11111111112, '11111111171', 7, 5, 1, 3, 1, 5, 2, 3, 4, 4, 4, 'Feedback from student 11111111171 to instructor 11111111112'),
(304, 11111111113, '11111111171', 7, 2, 2, 1, 2, 5, 1, 2, 3, 2, 1, 'Feedback from student 11111111171 to instructor 11111111113'),
(305, 11111111114, '11111111171', 7, 1, 2, 3, 4, 3, 3, 1, 3, 1, 3, 'Feedback from student 11111111171 to instructor 11111111114'),
(306, 11111111115, '11111111171', 7, 1, 4, 1, 5, 4, 4, 3, 2, 5, 4, 'Feedback from student 11111111171 to instructor 11111111115'),
(307, 11111111111, '11111111172', 7, 5, 1, 1, 5, 4, 4, 2, 3, 1, 3, 'Feedback from student 11111111172 to instructor 11111111111'),
(308, 11111111112, '11111111172', 7, 4, 1, 2, 1, 5, 4, 3, 5, 5, 4, 'Feedback from student 11111111172 to instructor 11111111112'),
(309, 11111111113, '11111111172', 7, 1, 4, 3, 5, 2, 3, 3, 4, 4, 3, 'Feedback from student 11111111172 to instructor 11111111113'),
(310, 11111111114, '11111111172', 7, 3, 3, 1, 2, 5, 2, 4, 2, 1, 2, 'Feedback from student 11111111172 to instructor 11111111114'),
(311, 11111111115, '11111111172', 7, 1, 3, 3, 3, 2, 4, 5, 3, 2, 2, 'Feedback from student 11111111172 to instructor 11111111115'),
(312, 11111111111, '11111111173', 7, 3, 1, 5, 3, 2, 3, 5, 4, 1, 5, 'Feedback from student 11111111173 to instructor 11111111111'),
(313, 11111111112, '11111111173', 7, 5, 4, 5, 5, 3, 1, 3, 3, 5, 1, 'Feedback from student 11111111173 to instructor 11111111112'),
(314, 11111111113, '11111111173', 7, 2, 5, 4, 1, 3, 2, 5, 1, 5, 2, 'Feedback from student 11111111173 to instructor 11111111113'),
(315, 11111111114, '11111111173', 7, 4, 4, 2, 1, 4, 4, 2, 2, 1, 3, 'Feedback from student 11111111173 to instructor 11111111114'),
(316, 11111111115, '11111111173', 7, 2, 2, 4, 5, 4, 5, 1, 4, 2, 5, 'Feedback from student 11111111173 to instructor 11111111115'),
(317, 11111111111, '11111111174', 7, 5, 1, 1, 1, 3, 1, 4, 4, 3, 2, 'Feedback from student 11111111174 to instructor 11111111111'),
(318, 11111111112, '11111111174', 7, 2, 5, 4, 2, 1, 1, 3, 1, 5, 5, 'Feedback from student 11111111174 to instructor 11111111112'),
(319, 11111111113, '11111111174', 7, 3, 2, 5, 3, 2, 5, 2, 1, 2, 3, 'Feedback from student 11111111174 to instructor 11111111113'),
(320, 11111111114, '11111111174', 7, 3, 4, 5, 3, 5, 5, 2, 5, 1, 2, 'Feedback from student 11111111174 to instructor 11111111114'),
(321, 11111111115, '11111111174', 7, 5, 4, 4, 3, 5, 1, 2, 1, 2, 2, 'Feedback from student 11111111174 to instructor 11111111115'),
(322, 11111111111, '11111111175', 7, 1, 4, 2, 5, 5, 1, 2, 3, 1, 4, 'Feedback from student 11111111175 to instructor 11111111111'),
(323, 11111111112, '11111111175', 7, 3, 3, 2, 3, 2, 5, 5, 4, 3, 1, 'Feedback from student 11111111175 to instructor 11111111112'),
(324, 11111111113, '11111111175', 7, 5, 4, 3, 4, 2, 2, 5, 2, 3, 3, 'Feedback from student 11111111175 to instructor 11111111113'),
(325, 11111111114, '11111111175', 7, 3, 1, 1, 1, 3, 2, 2, 2, 1, 1, 'Feedback from student 11111111175 to instructor 11111111114'),
(326, 11111111115, '11111111175', 7, 5, 3, 2, 1, 5, 5, 2, 3, 2, 3, 'Feedback from student 11111111175 to instructor 11111111115'),
(327, 11111111111, '11111111176', 7, 2, 1, 1, 4, 4, 2, 5, 1, 3, 4, 'Feedback from student 11111111176 to instructor 11111111111'),
(328, 11111111112, '11111111176', 7, 1, 5, 5, 3, 2, 5, 1, 1, 5, 4, 'Feedback from student 11111111176 to instructor 11111111112'),
(329, 11111111113, '11111111176', 7, 2, 2, 2, 1, 4, 4, 4, 5, 1, 1, 'Feedback from student 11111111176 to instructor 11111111113'),
(330, 11111111114, '11111111176', 7, 4, 3, 3, 2, 5, 5, 5, 1, 2, 2, 'Feedback from student 11111111176 to instructor 11111111114'),
(331, 11111111115, '11111111176', 7, 5, 4, 3, 4, 5, 5, 4, 5, 4, 3, 'Feedback from student 11111111176 to instructor 11111111115'),
(332, 11111111111, '11111111177', 7, 5, 5, 2, 3, 2, 1, 5, 1, 3, 3, 'Feedback from student 11111111177 to instructor 11111111111'),
(333, 11111111112, '11111111177', 7, 4, 4, 5, 4, 4, 4, 1, 1, 2, 1, 'Feedback from student 11111111177 to instructor 11111111112'),
(334, 11111111113, '11111111177', 7, 2, 3, 3, 5, 4, 4, 2, 2, 3, 3, 'Feedback from student 11111111177 to instructor 11111111113'),
(335, 11111111114, '11111111177', 7, 2, 5, 5, 5, 5, 5, 2, 3, 5, 4, 'Feedback from student 11111111177 to instructor 11111111114'),
(336, 11111111115, '11111111177', 7, 3, 3, 3, 4, 3, 1, 5, 2, 3, 3, 'Feedback from student 11111111177 to instructor 11111111115'),
(337, 11111111111, '11111111178', 7, 1, 2, 2, 1, 5, 4, 3, 3, 4, 3, 'Feedback from student 11111111178 to instructor 11111111111'),
(338, 11111111112, '11111111178', 7, 5, 5, 1, 2, 2, 4, 2, 2, 2, 4, 'Feedback from student 11111111178 to instructor 11111111112'),
(339, 11111111113, '11111111178', 7, 4, 3, 1, 1, 2, 5, 4, 1, 5, 3, 'Feedback from student 11111111178 to instructor 11111111113'),
(340, 11111111114, '11111111178', 7, 2, 2, 3, 5, 3, 1, 4, 5, 5, 1, 'Feedback from student 11111111178 to instructor 11111111114'),
(341, 11111111115, '11111111178', 7, 4, 5, 3, 1, 1, 1, 1, 3, 5, 5, 'Feedback from student 11111111178 to instructor 11111111115'),
(342, 11111111111, '11111111179', 7, 1, 5, 4, 1, 3, 5, 2, 5, 4, 5, 'Feedback from student 11111111179 to instructor 11111111111'),
(343, 11111111112, '11111111179', 7, 1, 5, 4, 3, 2, 5, 3, 5, 4, 2, 'Feedback from student 11111111179 to instructor 11111111112'),
(344, 11111111113, '11111111179', 7, 1, 3, 2, 3, 2, 1, 4, 4, 4, 1, 'Feedback from student 11111111179 to instructor 11111111113'),
(345, 11111111114, '11111111179', 7, 2, 1, 1, 1, 2, 3, 2, 5, 2, 2, 'Feedback from student 11111111179 to instructor 11111111114'),
(346, 11111111115, '11111111179', 7, 1, 3, 5, 1, 1, 2, 3, 5, 5, 2, 'Feedback from student 11111111179 to instructor 11111111115'),
(347, 11111111111, '11111111180', 7, 5, 5, 4, 2, 1, 4, 3, 2, 1, 4, 'Feedback from student 11111111180 to instructor 11111111111'),
(348, 11111111112, '11111111180', 7, 2, 4, 3, 1, 4, 5, 3, 2, 5, 3, 'Feedback from student 11111111180 to instructor 11111111112'),
(349, 11111111113, '11111111180', 7, 4, 3, 1, 2, 4, 5, 2, 2, 5, 4, 'Feedback from student 11111111180 to instructor 11111111113'),
(350, 11111111114, '11111111180', 7, 3, 4, 3, 3, 1, 2, 5, 1, 4, 1, 'Feedback from student 11111111180 to instructor 11111111114'),
(351, 11111111115, '11111111180', 7, 1, 3, 4, 3, 3, 1, 2, 5, 5, 1, 'Feedback from student 11111111180 to instructor 11111111115'),
(352, 11111111116, '11111111181', 8, 2, 2, 3, 5, 2, 2, 3, 5, 4, 2, 'Feedback from student 11111111181 to instructor 11111111116'),
(353, 11111111117, '11111111181', 8, 2, 5, 2, 5, 5, 5, 2, 1, 1, 3, 'Feedback from student 11111111181 to instructor 11111111117'),
(354, 11111111118, '11111111181', 8, 4, 1, 2, 2, 4, 3, 4, 4, 5, 3, 'Feedback from student 11111111181 to instructor 11111111118'),
(355, 11111111119, '11111111181', 8, 1, 2, 2, 3, 4, 3, 4, 1, 5, 5, 'Feedback from student 11111111181 to instructor 11111111119'),
(356, 11111111120, '11111111181', 8, 1, 5, 5, 4, 2, 1, 2, 4, 5, 2, 'Feedback from student 11111111181 to instructor 11111111120'),
(357, 11111111116, '11111111182', 8, 3, 1, 5, 1, 3, 2, 3, 2, 4, 4, 'Feedback from student 11111111182 to instructor 11111111116'),
(358, 11111111117, '11111111182', 8, 1, 5, 4, 5, 1, 4, 2, 1, 2, 2, 'Feedback from student 11111111182 to instructor 11111111117'),
(359, 11111111118, '11111111182', 8, 1, 2, 3, 4, 1, 1, 1, 3, 4, 4, 'Feedback from student 11111111182 to instructor 11111111118'),
(360, 11111111119, '11111111182', 8, 1, 5, 5, 5, 4, 4, 1, 3, 4, 3, 'Feedback from student 11111111182 to instructor 11111111119'),
(361, 11111111120, '11111111182', 8, 2, 5, 5, 5, 1, 1, 2, 4, 4, 2, 'Feedback from student 11111111182 to instructor 11111111120'),
(362, 11111111116, '11111111183', 8, 2, 4, 3, 5, 2, 3, 2, 2, 2, 1, 'Feedback from student 11111111183 to instructor 11111111116'),
(363, 11111111117, '11111111183', 8, 5, 4, 5, 2, 2, 5, 4, 5, 4, 1, 'Feedback from student 11111111183 to instructor 11111111117'),
(364, 11111111118, '11111111183', 8, 5, 5, 3, 4, 5, 1, 4, 1, 5, 4, 'Feedback from student 11111111183 to instructor 11111111118'),
(365, 11111111119, '11111111183', 8, 1, 4, 4, 5, 5, 3, 4, 4, 3, 2, 'Feedback from student 11111111183 to instructor 11111111119'),
(366, 11111111120, '11111111183', 8, 5, 3, 4, 2, 5, 1, 3, 3, 3, 1, 'Feedback from student 11111111183 to instructor 11111111120'),
(367, 11111111116, '11111111184', 8, 3, 2, 3, 2, 1, 5, 2, 3, 4, 1, 'Feedback from student 11111111184 to instructor 11111111116'),
(368, 11111111117, '11111111184', 8, 5, 5, 4, 3, 3, 5, 5, 5, 4, 5, 'Feedback from student 11111111184 to instructor 11111111117'),
(369, 11111111118, '11111111184', 8, 2, 4, 2, 1, 2, 3, 4, 2, 1, 2, 'Feedback from student 11111111184 to instructor 11111111118'),
(370, 11111111119, '11111111184', 8, 3, 4, 2, 3, 3, 2, 4, 3, 5, 3, 'Feedback from student 11111111184 to instructor 11111111119'),
(371, 11111111120, '11111111184', 8, 2, 4, 1, 5, 1, 3, 4, 1, 3, 4, 'Feedback from student 11111111184 to instructor 11111111120'),
(372, 11111111116, '11111111185', 8, 5, 3, 3, 3, 2, 4, 4, 3, 4, 2, 'Feedback from student 11111111185 to instructor 11111111116'),
(373, 11111111117, '11111111185', 8, 3, 5, 3, 2, 5, 1, 3, 4, 4, 2, 'Feedback from student 11111111185 to instructor 11111111117'),
(374, 11111111118, '11111111185', 8, 2, 5, 4, 1, 1, 1, 5, 3, 3, 1, 'Feedback from student 11111111185 to instructor 11111111118'),
(375, 11111111119, '11111111185', 8, 1, 3, 2, 4, 2, 1, 2, 4, 4, 5, 'Feedback from student 11111111185 to instructor 11111111119'),
(376, 11111111120, '11111111185', 8, 2, 4, 4, 3, 2, 5, 3, 2, 2, 1, 'Feedback from student 11111111185 to instructor 11111111120'),
(377, 11111111116, '11111111186', 8, 3, 1, 5, 5, 3, 1, 4, 4, 5, 1, 'Feedback from student 11111111186 to instructor 11111111116'),
(378, 11111111117, '11111111186', 8, 4, 5, 2, 1, 3, 4, 4, 2, 5, 5, 'Feedback from student 11111111186 to instructor 11111111117'),
(379, 11111111118, '11111111186', 8, 1, 1, 2, 1, 2, 3, 5, 3, 3, 2, 'Feedback from student 11111111186 to instructor 11111111118'),
(380, 11111111119, '11111111186', 8, 1, 5, 4, 4, 4, 2, 5, 5, 5, 4, 'Feedback from student 11111111186 to instructor 11111111119'),
(381, 11111111120, '11111111186', 8, 1, 1, 4, 4, 2, 3, 2, 2, 5, 1, 'Feedback from student 11111111186 to instructor 11111111120'),
(382, 11111111116, '11111111187', 8, 2, 4, 4, 3, 5, 1, 2, 2, 1, 1, 'Feedback from student 11111111187 to instructor 11111111116'),
(383, 11111111117, '11111111187', 8, 4, 2, 4, 3, 4, 2, 3, 4, 4, 4, 'Feedback from student 11111111187 to instructor 11111111117'),
(384, 11111111118, '11111111187', 8, 5, 5, 3, 3, 4, 4, 2, 5, 2, 4, 'Feedback from student 11111111187 to instructor 11111111118'),
(385, 11111111119, '11111111187', 8, 4, 4, 5, 5, 2, 5, 2, 4, 4, 3, 'Feedback from student 11111111187 to instructor 11111111119'),
(386, 11111111120, '11111111187', 8, 2, 1, 5, 3, 4, 3, 2, 5, 5, 4, 'Feedback from student 11111111187 to instructor 11111111120'),
(387, 11111111116, '11111111188', 8, 5, 4, 3, 4, 1, 2, 1, 5, 4, 3, 'Feedback from student 11111111188 to instructor 11111111116');
INSERT INTO `studentratingstbl` (`id`, `instructorId`, `studentId`, `sectionId`, `rating1`, `rating2`, `rating3`, `rating4`, `rating5`, `rating6`, `rating7`, `rating8`, `rating9`, `rating10`, `freeComment`) VALUES
(388, 11111111117, '11111111188', 8, 1, 2, 2, 2, 2, 1, 2, 4, 2, 2, 'Feedback from student 11111111188 to instructor 11111111117'),
(389, 11111111118, '11111111188', 8, 4, 1, 1, 2, 4, 1, 3, 2, 4, 2, 'Feedback from student 11111111188 to instructor 11111111118'),
(390, 11111111119, '11111111188', 8, 1, 2, 5, 3, 1, 2, 4, 1, 3, 1, 'Feedback from student 11111111188 to instructor 11111111119'),
(391, 11111111120, '11111111188', 8, 3, 5, 2, 4, 1, 1, 5, 1, 3, 3, 'Feedback from student 11111111188 to instructor 11111111120'),
(392, 11111111116, '11111111189', 8, 2, 5, 4, 4, 1, 3, 5, 4, 1, 4, 'Feedback from student 11111111189 to instructor 11111111116'),
(393, 11111111117, '11111111189', 8, 5, 5, 5, 3, 2, 5, 2, 3, 5, 3, 'Feedback from student 11111111189 to instructor 11111111117'),
(394, 11111111118, '11111111189', 8, 4, 2, 5, 3, 2, 1, 2, 2, 2, 3, 'Feedback from student 11111111189 to instructor 11111111118'),
(395, 11111111119, '11111111189', 8, 3, 3, 4, 2, 4, 1, 1, 4, 5, 2, 'Feedback from student 11111111189 to instructor 11111111119'),
(396, 11111111120, '11111111189', 8, 1, 5, 3, 2, 1, 2, 3, 3, 4, 3, 'Feedback from student 11111111189 to instructor 11111111120'),
(397, 11111111116, '11111111190', 8, 5, 5, 3, 2, 3, 1, 5, 1, 4, 1, 'Feedback from student 11111111190 to instructor 11111111116'),
(398, 11111111117, '11111111190', 8, 1, 2, 2, 2, 4, 4, 5, 4, 2, 5, 'Feedback from student 11111111190 to instructor 11111111117'),
(399, 11111111118, '11111111190', 8, 3, 3, 2, 3, 2, 3, 4, 5, 1, 5, 'Feedback from student 11111111190 to instructor 11111111118'),
(400, 11111111119, '11111111190', 8, 2, 1, 3, 4, 3, 4, 2, 4, 2, 5, 'Feedback from student 11111111190 to instructor 11111111119'),
(401, 11111111120, '11111111190', 8, 3, 5, 5, 5, 5, 2, 5, 1, 3, 3, 'Feedback from student 11111111190 to instructor 11111111120'),
(402, 11111111121, '11111111191', 9, 4, 3, 4, 2, 2, 1, 1, 3, 2, 5, 'Feedback from student 11111111191 to instructor 11111111121'),
(403, 11111111122, '11111111191', 9, 2, 1, 1, 5, 5, 5, 3, 4, 4, 5, 'Feedback from student 11111111191 to instructor 11111111122'),
(404, 11111111123, '11111111191', 9, 5, 4, 5, 1, 5, 4, 2, 2, 5, 3, 'Feedback from student 11111111191 to instructor 11111111123'),
(405, 11111111124, '11111111191', 9, 2, 4, 4, 3, 3, 5, 5, 5, 1, 3, 'Feedback from student 11111111191 to instructor 11111111124'),
(406, 11111111125, '11111111191', 9, 5, 2, 2, 4, 2, 5, 1, 5, 5, 4, 'Feedback from student 11111111191 to instructor 11111111125'),
(407, 11111111121, '11111111192', 9, 2, 2, 2, 2, 4, 3, 2, 2, 2, 4, 'Feedback from student 11111111192 to instructor 11111111121'),
(408, 11111111122, '11111111192', 9, 3, 2, 3, 2, 5, 5, 2, 1, 1, 5, 'Feedback from student 11111111192 to instructor 11111111122'),
(409, 11111111123, '11111111192', 9, 4, 3, 3, 1, 2, 5, 3, 4, 3, 2, 'Feedback from student 11111111192 to instructor 11111111123'),
(410, 11111111124, '11111111192', 9, 3, 5, 2, 2, 2, 2, 3, 5, 3, 1, 'Feedback from student 11111111192 to instructor 11111111124'),
(411, 11111111125, '11111111192', 9, 4, 2, 5, 4, 5, 2, 1, 2, 1, 1, 'Feedback from student 11111111192 to instructor 11111111125'),
(412, 11111111121, '11111111193', 9, 4, 4, 2, 3, 1, 2, 4, 4, 4, 2, 'Feedback from student 11111111193 to instructor 11111111121'),
(413, 11111111122, '11111111193', 9, 1, 5, 4, 1, 1, 5, 2, 2, 4, 4, 'Feedback from student 11111111193 to instructor 11111111122'),
(414, 11111111123, '11111111193', 9, 4, 5, 3, 2, 5, 2, 5, 4, 2, 5, 'Feedback from student 11111111193 to instructor 11111111123'),
(415, 11111111124, '11111111193', 9, 5, 1, 3, 4, 1, 4, 4, 4, 3, 5, 'Feedback from student 11111111193 to instructor 11111111124'),
(416, 11111111125, '11111111193', 9, 1, 3, 2, 3, 4, 4, 3, 1, 4, 3, 'Feedback from student 11111111193 to instructor 11111111125'),
(417, 11111111121, '11111111194', 9, 1, 5, 3, 4, 5, 2, 2, 1, 2, 3, 'Feedback from student 11111111194 to instructor 11111111121'),
(418, 11111111122, '11111111194', 9, 2, 4, 2, 1, 2, 3, 1, 3, 4, 4, 'Feedback from student 11111111194 to instructor 11111111122'),
(419, 11111111123, '11111111194', 9, 3, 5, 3, 5, 1, 4, 3, 2, 1, 2, 'Feedback from student 11111111194 to instructor 11111111123'),
(420, 11111111124, '11111111194', 9, 2, 4, 1, 4, 5, 4, 5, 5, 3, 4, 'Feedback from student 11111111194 to instructor 11111111124'),
(421, 11111111125, '11111111194', 9, 5, 4, 1, 1, 5, 1, 3, 2, 2, 2, 'Feedback from student 11111111194 to instructor 11111111125'),
(422, 11111111121, '11111111195', 9, 5, 5, 3, 5, 5, 2, 2, 5, 4, 1, 'Feedback from student 11111111195 to instructor 11111111121'),
(423, 11111111122, '11111111195', 9, 1, 1, 1, 3, 4, 3, 1, 5, 3, 2, 'Feedback from student 11111111195 to instructor 11111111122'),
(424, 11111111123, '11111111195', 9, 3, 4, 5, 2, 2, 3, 4, 3, 2, 4, 'Feedback from student 11111111195 to instructor 11111111123'),
(425, 11111111124, '11111111195', 9, 2, 4, 3, 3, 3, 1, 1, 1, 2, 3, 'Feedback from student 11111111195 to instructor 11111111124'),
(426, 11111111125, '11111111195', 9, 4, 2, 3, 4, 1, 4, 5, 3, 4, 4, 'Feedback from student 11111111195 to instructor 11111111125'),
(427, 11111111121, '11111111196', 9, 1, 4, 5, 5, 5, 4, 5, 1, 3, 1, 'Feedback from student 11111111196 to instructor 11111111121'),
(428, 11111111122, '11111111196', 9, 1, 3, 3, 2, 5, 3, 4, 3, 3, 3, 'Feedback from student 11111111196 to instructor 11111111122'),
(429, 11111111123, '11111111196', 9, 1, 2, 5, 5, 4, 4, 5, 4, 2, 2, 'Feedback from student 11111111196 to instructor 11111111123'),
(430, 11111111124, '11111111196', 9, 5, 2, 2, 4, 4, 3, 1, 3, 4, 3, 'Feedback from student 11111111196 to instructor 11111111124'),
(431, 11111111125, '11111111196', 9, 5, 3, 2, 2, 2, 5, 2, 5, 5, 4, 'Feedback from student 11111111196 to instructor 11111111125'),
(432, 11111111121, '11111111197', 9, 1, 4, 4, 2, 4, 1, 2, 4, 2, 2, 'Feedback from student 11111111197 to instructor 11111111121'),
(433, 11111111122, '11111111197', 9, 3, 5, 2, 4, 1, 2, 5, 3, 3, 3, 'Feedback from student 11111111197 to instructor 11111111122'),
(434, 11111111123, '11111111197', 9, 3, 4, 5, 2, 4, 2, 5, 2, 2, 4, 'Feedback from student 11111111197 to instructor 11111111123'),
(435, 11111111124, '11111111197', 9, 1, 3, 3, 3, 4, 5, 5, 4, 3, 2, 'Feedback from student 11111111197 to instructor 11111111124'),
(436, 11111111125, '11111111197', 9, 1, 3, 5, 1, 2, 2, 1, 5, 1, 5, 'Feedback from student 11111111197 to instructor 11111111125'),
(437, 11111111121, '11111111198', 9, 1, 2, 1, 3, 5, 1, 2, 1, 1, 2, 'Feedback from student 11111111198 to instructor 11111111121'),
(438, 11111111122, '11111111198', 9, 5, 3, 3, 1, 1, 2, 5, 4, 5, 5, 'Feedback from student 11111111198 to instructor 11111111122'),
(439, 11111111123, '11111111198', 9, 4, 1, 2, 5, 3, 5, 4, 4, 4, 1, 'Feedback from student 11111111198 to instructor 11111111123'),
(440, 11111111124, '11111111198', 9, 4, 1, 2, 1, 2, 3, 5, 4, 4, 1, 'Feedback from student 11111111198 to instructor 11111111124'),
(441, 11111111125, '11111111198', 9, 4, 2, 4, 5, 4, 3, 3, 5, 1, 4, 'Feedback from student 11111111198 to instructor 11111111125'),
(442, 11111111121, '11111111199', 9, 1, 2, 2, 2, 3, 1, 4, 3, 2, 2, 'Feedback from student 11111111199 to instructor 11111111121'),
(443, 11111111122, '11111111199', 9, 4, 5, 3, 3, 2, 3, 3, 2, 5, 4, 'Feedback from student 11111111199 to instructor 11111111122'),
(444, 11111111123, '11111111199', 9, 2, 4, 4, 5, 5, 3, 5, 4, 1, 2, 'Feedback from student 11111111199 to instructor 11111111123'),
(445, 11111111124, '11111111199', 9, 4, 5, 1, 5, 3, 5, 3, 5, 3, 3, 'Feedback from student 11111111199 to instructor 11111111124'),
(446, 11111111125, '11111111199', 9, 2, 4, 2, 5, 2, 2, 1, 2, 1, 3, 'Feedback from student 11111111199 to instructor 11111111125'),
(447, 11111111121, '11111111200', 9, 5, 3, 4, 3, 2, 5, 2, 3, 3, 4, 'Feedback from student 11111111200 to instructor 11111111121'),
(448, 11111111122, '11111111200', 9, 3, 4, 3, 2, 5, 4, 2, 1, 2, 1, 'Feedback from student 11111111200 to instructor 11111111122'),
(449, 11111111123, '11111111200', 9, 2, 2, 2, 2, 4, 4, 4, 1, 1, 3, 'Feedback from student 11111111200 to instructor 11111111123'),
(450, 11111111124, '11111111200', 9, 4, 4, 5, 5, 5, 5, 3, 5, 4, 2, 'Feedback from student 11111111200 to instructor 11111111124'),
(451, 11111111125, '11111111200', 9, 2, 1, 5, 3, 4, 5, 2, 5, 3, 1, 'Feedback from student 11111111200 to instructor 11111111125'),
(452, 11111111111, '11111111201', 10, 3, 1, 2, 4, 2, 3, 3, 1, 2, 3, 'Feedback from student 11111111201 to instructor 11111111111'),
(453, 11111111112, '11111111201', 10, 2, 5, 1, 4, 1, 1, 3, 3, 3, 1, 'Feedback from student 11111111201 to instructor 11111111112'),
(454, 11111111113, '11111111201', 10, 2, 2, 3, 4, 4, 1, 1, 3, 2, 5, 'Feedback from student 11111111201 to instructor 11111111113'),
(455, 11111111114, '11111111201', 10, 4, 1, 4, 5, 2, 5, 1, 3, 2, 1, 'Feedback from student 11111111201 to instructor 11111111114'),
(456, 11111111115, '11111111201', 10, 4, 1, 2, 4, 1, 2, 3, 5, 2, 4, 'Feedback from student 11111111201 to instructor 11111111115'),
(457, 11111111111, '11111111202', 10, 4, 2, 1, 4, 3, 1, 3, 5, 3, 5, 'Feedback from student 11111111202 to instructor 11111111111'),
(458, 11111111112, '11111111202', 10, 5, 5, 3, 2, 2, 2, 5, 3, 3, 2, 'Feedback from student 11111111202 to instructor 11111111112'),
(459, 11111111113, '11111111202', 10, 5, 3, 3, 3, 3, 1, 2, 5, 3, 2, 'Feedback from student 11111111202 to instructor 11111111113'),
(460, 11111111114, '11111111202', 10, 1, 5, 3, 2, 3, 1, 2, 1, 5, 3, 'Feedback from student 11111111202 to instructor 11111111114'),
(461, 11111111115, '11111111202', 10, 4, 5, 5, 5, 3, 3, 4, 4, 3, 4, 'Feedback from student 11111111202 to instructor 11111111115'),
(462, 11111111111, '11111111203', 10, 2, 1, 1, 1, 1, 3, 4, 2, 1, 5, 'Feedback from student 11111111203 to instructor 11111111111'),
(463, 11111111112, '11111111203', 10, 3, 2, 5, 2, 3, 4, 3, 3, 4, 2, 'Feedback from student 11111111203 to instructor 11111111112'),
(464, 11111111113, '11111111203', 10, 4, 3, 4, 5, 5, 3, 2, 1, 4, 4, 'Feedback from student 11111111203 to instructor 11111111113'),
(465, 11111111114, '11111111203', 10, 1, 2, 1, 2, 2, 2, 1, 2, 1, 5, 'Feedback from student 11111111203 to instructor 11111111114'),
(466, 11111111115, '11111111203', 10, 3, 5, 1, 4, 5, 5, 5, 2, 5, 2, 'Feedback from student 11111111203 to instructor 11111111115'),
(467, 11111111111, '11111111204', 10, 4, 2, 4, 4, 1, 3, 1, 4, 1, 3, 'Feedback from student 11111111204 to instructor 11111111111'),
(468, 11111111112, '11111111204', 10, 3, 2, 3, 2, 2, 5, 2, 3, 1, 1, 'Feedback from student 11111111204 to instructor 11111111112'),
(469, 11111111113, '11111111204', 10, 5, 4, 1, 4, 2, 5, 4, 5, 3, 5, 'Feedback from student 11111111204 to instructor 11111111113'),
(470, 11111111114, '11111111204', 10, 2, 4, 1, 4, 5, 4, 1, 5, 5, 1, 'Feedback from student 11111111204 to instructor 11111111114'),
(471, 11111111115, '11111111204', 10, 4, 1, 3, 2, 4, 4, 5, 1, 2, 5, 'Feedback from student 11111111204 to instructor 11111111115'),
(472, 11111111111, '11111111205', 10, 1, 3, 2, 3, 4, 2, 1, 4, 4, 2, 'Feedback from student 11111111205 to instructor 11111111111'),
(473, 11111111112, '11111111205', 10, 2, 3, 1, 3, 3, 4, 4, 2, 2, 2, 'Feedback from student 11111111205 to instructor 11111111112'),
(474, 11111111113, '11111111205', 10, 3, 1, 3, 3, 1, 1, 4, 1, 4, 5, 'Feedback from student 11111111205 to instructor 11111111113'),
(475, 11111111114, '11111111205', 10, 4, 5, 2, 3, 1, 2, 3, 4, 5, 4, 'Feedback from student 11111111205 to instructor 11111111114'),
(476, 11111111115, '11111111205', 10, 3, 5, 5, 2, 3, 1, 2, 5, 5, 4, 'Feedback from student 11111111205 to instructor 11111111115'),
(477, 11111111111, '11111111206', 10, 5, 4, 5, 3, 2, 5, 3, 2, 1, 1, 'Feedback from student 11111111206 to instructor 11111111111'),
(478, 11111111112, '11111111206', 10, 3, 1, 5, 1, 3, 5, 5, 2, 2, 3, 'Feedback from student 11111111206 to instructor 11111111112'),
(479, 11111111113, '11111111206', 10, 2, 1, 4, 5, 2, 1, 3, 1, 4, 1, 'Feedback from student 11111111206 to instructor 11111111113'),
(480, 11111111114, '11111111206', 10, 1, 4, 5, 4, 3, 5, 3, 2, 2, 5, 'Feedback from student 11111111206 to instructor 11111111114'),
(481, 11111111115, '11111111206', 10, 5, 5, 4, 5, 2, 5, 1, 1, 5, 5, 'Feedback from student 11111111206 to instructor 11111111115'),
(482, 11111111111, '11111111207', 10, 4, 3, 3, 5, 3, 1, 1, 2, 2, 5, 'Feedback from student 11111111207 to instructor 11111111111'),
(483, 11111111112, '11111111207', 10, 5, 4, 1, 4, 1, 4, 5, 4, 3, 3, 'Feedback from student 11111111207 to instructor 11111111112'),
(484, 11111111113, '11111111207', 10, 4, 2, 5, 5, 3, 4, 3, 5, 5, 5, 'Feedback from student 11111111207 to instructor 11111111113'),
(485, 11111111114, '11111111207', 10, 3, 2, 5, 3, 2, 5, 4, 1, 4, 4, 'Feedback from student 11111111207 to instructor 11111111114'),
(486, 11111111115, '11111111207', 10, 5, 5, 3, 3, 2, 5, 5, 5, 1, 1, 'Feedback from student 11111111207 to instructor 11111111115'),
(487, 11111111111, '11111111208', 10, 3, 2, 5, 5, 4, 3, 2, 1, 3, 5, 'Feedback from student 11111111208 to instructor 11111111111'),
(488, 11111111112, '11111111208', 10, 4, 1, 1, 1, 3, 4, 1, 1, 5, 3, 'Feedback from student 11111111208 to instructor 11111111112'),
(489, 11111111113, '11111111208', 10, 4, 1, 5, 4, 3, 4, 2, 4, 4, 5, 'Feedback from student 11111111208 to instructor 11111111113'),
(490, 11111111114, '11111111208', 10, 1, 3, 4, 1, 4, 2, 5, 5, 4, 3, 'Feedback from student 11111111208 to instructor 11111111114'),
(491, 11111111115, '11111111208', 10, 2, 4, 1, 1, 3, 1, 3, 4, 4, 2, 'Feedback from student 11111111208 to instructor 11111111115'),
(492, 11111111111, '11111111209', 10, 5, 1, 5, 1, 4, 4, 3, 1, 3, 2, 'Feedback from student 11111111209 to instructor 11111111111'),
(493, 11111111112, '11111111209', 10, 5, 3, 4, 3, 3, 2, 1, 1, 1, 2, 'Feedback from student 11111111209 to instructor 11111111112'),
(494, 11111111113, '11111111209', 10, 4, 1, 1, 4, 2, 5, 2, 4, 1, 4, 'Feedback from student 11111111209 to instructor 11111111113'),
(495, 11111111114, '11111111209', 10, 3, 4, 1, 1, 3, 3, 1, 2, 4, 2, 'Feedback from student 11111111209 to instructor 11111111114'),
(496, 11111111115, '11111111209', 10, 4, 4, 2, 1, 4, 2, 1, 5, 4, 2, 'Feedback from student 11111111209 to instructor 11111111115'),
(497, 11111111111, '11111111210', 10, 2, 3, 2, 4, 4, 3, 2, 3, 5, 5, 'Feedback from student 11111111210 to instructor 11111111111'),
(498, 11111111112, '11111111210', 10, 2, 2, 2, 2, 5, 4, 4, 3, 5, 5, 'Feedback from student 11111111210 to instructor 11111111112'),
(499, 11111111113, '11111111210', 10, 2, 1, 4, 3, 5, 1, 5, 4, 3, 2, 'Feedback from student 11111111210 to instructor 11111111113'),
(500, 11111111114, '11111111210', 10, 3, 4, 3, 3, 2, 3, 3, 4, 3, 1, 'Feedback from student 11111111210 to instructor 11111111114'),
(501, 11111111115, '11111111210', 10, 4, 1, 1, 2, 2, 2, 4, 3, 1, 3, 'Feedback from student 11111111210 to instructor 11111111115'),
(502, 11111111116, '11111111211', 11, 4, 5, 2, 2, 4, 1, 3, 2, 2, 5, 'Feedback from student 11111111211 to instructor 11111111116'),
(503, 11111111117, '11111111211', 11, 2, 2, 5, 5, 3, 5, 4, 5, 3, 4, 'Feedback from student 11111111211 to instructor 11111111117'),
(504, 11111111118, '11111111211', 11, 3, 4, 3, 4, 2, 2, 4, 2, 4, 4, 'Feedback from student 11111111211 to instructor 11111111118'),
(505, 11111111119, '11111111211', 11, 4, 1, 5, 4, 3, 1, 4, 5, 3, 1, 'Feedback from student 11111111211 to instructor 11111111119'),
(506, 11111111120, '11111111211', 11, 3, 1, 1, 3, 1, 1, 1, 3, 5, 1, 'Feedback from student 11111111211 to instructor 11111111120'),
(507, 11111111116, '11111111212', 11, 2, 5, 4, 5, 1, 5, 3, 2, 2, 4, 'Feedback from student 11111111212 to instructor 11111111116'),
(508, 11111111117, '11111111212', 11, 3, 1, 1, 4, 1, 1, 3, 4, 1, 3, 'Feedback from student 11111111212 to instructor 11111111117'),
(509, 11111111118, '11111111212', 11, 4, 5, 5, 1, 4, 2, 5, 4, 3, 3, 'Feedback from student 11111111212 to instructor 11111111118'),
(510, 11111111119, '11111111212', 11, 3, 4, 5, 4, 3, 4, 1, 5, 5, 2, 'Feedback from student 11111111212 to instructor 11111111119'),
(511, 11111111120, '11111111212', 11, 5, 1, 1, 1, 2, 4, 4, 3, 3, 3, 'Feedback from student 11111111212 to instructor 11111111120'),
(512, 11111111116, '11111111213', 11, 3, 3, 5, 2, 1, 2, 5, 4, 2, 3, 'Feedback from student 11111111213 to instructor 11111111116'),
(513, 11111111117, '11111111213', 11, 2, 3, 4, 4, 1, 4, 4, 5, 4, 2, 'Feedback from student 11111111213 to instructor 11111111117'),
(514, 11111111118, '11111111213', 11, 2, 4, 4, 5, 4, 4, 3, 3, 1, 2, 'Feedback from student 11111111213 to instructor 11111111118'),
(515, 11111111119, '11111111213', 11, 4, 3, 1, 3, 3, 3, 4, 4, 2, 1, 'Feedback from student 11111111213 to instructor 11111111119'),
(516, 11111111120, '11111111213', 11, 3, 1, 5, 4, 3, 5, 1, 4, 1, 3, 'Feedback from student 11111111213 to instructor 11111111120'),
(517, 11111111116, '11111111214', 11, 3, 4, 4, 3, 1, 4, 2, 5, 2, 1, 'Feedback from student 11111111214 to instructor 11111111116'),
(518, 11111111117, '11111111214', 11, 2, 2, 3, 1, 4, 3, 2, 1, 3, 5, 'Feedback from student 11111111214 to instructor 11111111117'),
(519, 11111111118, '11111111214', 11, 1, 4, 5, 3, 2, 4, 5, 5, 1, 4, 'Feedback from student 11111111214 to instructor 11111111118'),
(520, 11111111119, '11111111214', 11, 4, 1, 1, 3, 5, 4, 2, 5, 3, 3, 'Feedback from student 11111111214 to instructor 11111111119'),
(521, 11111111120, '11111111214', 11, 4, 1, 4, 2, 5, 4, 5, 2, 1, 4, 'Feedback from student 11111111214 to instructor 11111111120'),
(522, 11111111116, '11111111215', 11, 1, 2, 4, 4, 4, 3, 1, 2, 5, 2, 'Feedback from student 11111111215 to instructor 11111111116'),
(523, 11111111117, '11111111215', 11, 1, 3, 4, 5, 3, 3, 5, 4, 4, 5, 'Feedback from student 11111111215 to instructor 11111111117'),
(524, 11111111118, '11111111215', 11, 2, 1, 3, 4, 1, 4, 3, 3, 4, 4, 'Feedback from student 11111111215 to instructor 11111111118'),
(525, 11111111119, '11111111215', 11, 2, 4, 5, 1, 3, 1, 5, 2, 4, 4, 'Feedback from student 11111111215 to instructor 11111111119'),
(526, 11111111120, '11111111215', 11, 1, 3, 5, 2, 4, 1, 4, 5, 5, 3, 'Feedback from student 11111111215 to instructor 11111111120'),
(527, 11111111116, '11111111216', 11, 2, 1, 1, 2, 3, 5, 1, 1, 1, 1, 'Feedback from student 11111111216 to instructor 11111111116'),
(528, 11111111117, '11111111216', 11, 2, 3, 5, 5, 1, 4, 2, 4, 3, 5, 'Feedback from student 11111111216 to instructor 11111111117'),
(529, 11111111118, '11111111216', 11, 3, 3, 5, 1, 2, 4, 3, 1, 4, 2, 'Feedback from student 11111111216 to instructor 11111111118'),
(530, 11111111119, '11111111216', 11, 2, 4, 1, 1, 5, 4, 3, 1, 4, 5, 'Feedback from student 11111111216 to instructor 11111111119'),
(531, 11111111120, '11111111216', 11, 1, 1, 4, 4, 5, 2, 1, 5, 3, 4, 'Feedback from student 11111111216 to instructor 11111111120'),
(532, 11111111116, '11111111217', 11, 5, 2, 2, 1, 3, 3, 3, 1, 1, 3, 'Feedback from student 11111111217 to instructor 11111111116'),
(533, 11111111117, '11111111217', 11, 5, 4, 2, 4, 2, 3, 1, 5, 4, 3, 'Feedback from student 11111111217 to instructor 11111111117'),
(534, 11111111118, '11111111217', 11, 2, 5, 4, 4, 1, 5, 1, 3, 1, 5, 'Feedback from student 11111111217 to instructor 11111111118'),
(535, 11111111119, '11111111217', 11, 3, 3, 3, 3, 1, 3, 2, 2, 4, 4, 'Feedback from student 11111111217 to instructor 11111111119'),
(536, 11111111120, '11111111217', 11, 4, 1, 4, 3, 5, 2, 5, 1, 1, 3, 'Feedback from student 11111111217 to instructor 11111111120'),
(537, 11111111116, '11111111218', 11, 3, 5, 2, 1, 5, 4, 5, 2, 5, 5, 'Feedback from student 11111111218 to instructor 11111111116'),
(538, 11111111117, '11111111218', 11, 4, 5, 5, 5, 4, 4, 5, 1, 3, 3, 'Feedback from student 11111111218 to instructor 11111111117'),
(539, 11111111118, '11111111218', 11, 5, 3, 5, 3, 1, 3, 3, 2, 2, 4, 'Feedback from student 11111111218 to instructor 11111111118'),
(540, 11111111119, '11111111218', 11, 2, 3, 4, 2, 1, 3, 1, 3, 5, 3, 'Feedback from student 11111111218 to instructor 11111111119'),
(541, 11111111120, '11111111218', 11, 3, 5, 4, 2, 1, 3, 2, 3, 5, 2, 'Feedback from student 11111111218 to instructor 11111111120'),
(542, 11111111116, '11111111219', 11, 1, 4, 4, 3, 4, 2, 1, 5, 1, 2, 'Feedback from student 11111111219 to instructor 11111111116'),
(543, 11111111117, '11111111219', 11, 1, 1, 1, 4, 5, 1, 3, 1, 3, 4, 'Feedback from student 11111111219 to instructor 11111111117'),
(544, 11111111118, '11111111219', 11, 1, 1, 3, 3, 1, 5, 5, 5, 3, 3, 'Feedback from student 11111111219 to instructor 11111111118'),
(545, 11111111119, '11111111219', 11, 2, 5, 3, 5, 3, 1, 5, 5, 1, 3, 'Feedback from student 11111111219 to instructor 11111111119'),
(546, 11111111120, '11111111219', 11, 4, 5, 5, 4, 1, 2, 2, 3, 5, 3, 'Feedback from student 11111111219 to instructor 11111111120'),
(547, 11111111116, '11111111220', 11, 1, 4, 5, 4, 1, 3, 5, 3, 5, 1, 'Feedback from student 11111111220 to instructor 11111111116'),
(548, 11111111117, '11111111220', 11, 3, 5, 1, 2, 3, 1, 3, 3, 1, 3, 'Feedback from student 11111111220 to instructor 11111111117'),
(549, 11111111118, '11111111220', 11, 3, 5, 4, 3, 4, 4, 3, 5, 4, 5, 'Feedback from student 11111111220 to instructor 11111111118'),
(550, 11111111119, '11111111220', 11, 4, 1, 3, 1, 1, 1, 4, 1, 4, 2, 'Feedback from student 11111111220 to instructor 11111111119'),
(551, 11111111120, '11111111220', 11, 3, 5, 5, 1, 4, 2, 2, 2, 1, 2, 'Feedback from student 11111111220 to instructor 11111111120'),
(552, 11111111114, '00000000000', 4, 2, 2, 2, 2, 2, 2, 2, 2, 2, 2, 'dacv'),
(553, 11111111111, '00000000000', 4, 2, 2, 2, 2, 2, 2, 2, 2, 2, 2, 'dfgrbn'),
(554, 11111111112, '00000000000', 4, 2, 2, 2, 2, 2, 2, 2, 2, 2, 2, 'wadfebdg'),
(555, 11111111113, '00000000000', 4, 2, 2, 2, 2, 2, 2, 2, 2, 2, 2, 'wafefdbg'),
(556, 11111111115, '00000000000', 4, 3, 3, 3, 3, 3, 3, 3, 3, 3, 3, 'wadsvxc '),
(557, 11111111116, '67890867987', 7, 1, 2, 3, 4, 4, 4, 4, 4, 4, 4, 'testings sjsaoidjadlakhkjd'),
(558, 11111111117, '67890867987', 7, 1, 2, 2, 2, 2, 2, 2, 2, 2, 2, 'qdwecs'),
(559, 11111111118, '67890867987', 7, 2, 2, 2, 2, 2, 2, 2, 2, 2, 2, 'fsv c'),
(560, 11111111119, '67890867987', 7, 3, 3, 3, 3, 3, 3, 3, 3, 3, 3, 'waesdvx'),
(561, 11111111120, '67890867987', 7, 3, 2, 2, 3, 2, 2, 3, 3, 2, 2, 'dwaefsvxc'),
(562, 11111111111, '43256787654', 5, 1, 1, 1, 1, 1, 1, 1, 1, 1, 1, 'WFESDVBC '),
(563, 11111111112, '43256787654', 5, 2, 2, 2, 2, 2, 2, 2, 2, 2, 2, 'WAEFSDXC'),
(564, 11111111113, '43256787654', 5, 2, 2, 2, 2, 2, 2, 2, 2, 2, 3, 'WADSCZ'),
(565, 11111111114, '43256787654', 5, 3, 3, 3, 3, 3, 3, 3, 3, 3, 3, 'WDASCZX'),
(566, 11111111115, '43256787654', 5, 3, 3, 3, 3, 3, 3, 3, 4, 3, 3, 'WQDSAC');

-- --------------------------------------------------------

--
-- Table structure for table `studentstbl`
--

CREATE TABLE `studentstbl` (
  `id` int(11) NOT NULL,
  `firstName` varchar(255) DEFAULT NULL,
  `middleName` varchar(255) DEFAULT NULL,
  `surname` varchar(255) DEFAULT NULL,
  `sectionId` int(11) DEFAULT NULL,
  `studentId` varchar(255) DEFAULT NULL,
  `username` varchar(255) DEFAULT NULL,
  `password` varchar(255) DEFAULT NULL,
  `evalStatus` int(11) DEFAULT 0 CHECK (`evalStatus` in (0,1))
) ENGINE=InnoDB DEFAULT CHARSET=utf8mb4 COLLATE=utf8mb4_general_ci;

--
-- Dumping data for table `studentstbl`
--

INSERT INTO `studentstbl` (`id`, `firstName`, `middleName`, `surname`, `sectionId`, `studentId`, `username`, `password`, `evalStatus`) VALUES
(1, 'Student1', 'M1', 'Lastname', 1, '11111111111', 'user1', '7c6a180b36896a0a8c02787eeafb0e4c', 0),
(2, 'Student2', 'M2', 'Lastname', 1, '11111111112', 'user2', '6cb75f652a9b52798eb6cf2201057c73', 0),
(3, 'Student3', 'M3', 'Lastname', 1, '11111111113', 'user3', '819b0643d6b89dc9b579fdfc9094f28e', 1),
(4, 'Student4', 'M4', 'Lastname', 1, '11111111114', 'user4', '34cc93ece0ba9e3f6f235d4af979b16c', 1),
(5, 'Student5', 'M5', 'Lastname', 1, '11111111115', 'user5', 'db0edd04aaac4506f7edab03ac855d56', 1),
(6, 'Student6', 'M6', 'Lastname', 1, '11111111116', 'user6', '218dd27aebeccecae69ad8408d9a36bf', 1),
(7, 'Student7', 'M7', 'Lastname', 1, '11111111117', 'user7', '00cdb7bb942cf6b290ceb97d6aca64a3', 1),
(8, 'Student8', 'M8', 'Lastname', 1, '11111111118', 'user8', 'b25ef06be3b6948c0bc431da46c2c738', 1),
(9, 'Student9', 'M9', 'Lastname', 1, '11111111119', 'user9', '5d69dd95ac183c9643780ed7027d128a', 1),
(10, 'Student10', 'M10', 'Lastname', 1, '11111111120', 'user10', '87e897e3b54a405da144968b2ca19b45', 1),
(11, 'Student11', 'M11', 'Lastname', 2, '11111111121', 'user11', '1e5c2776cf544e213c3d279c40719643', 1),
(12, 'Student12', 'M12', 'Lastname', 2, '11111111122', 'user12', 'c24a542f884e144451f9063b79e7994e', 1),
(13, 'Student13', 'M13', 'Lastname', 2, '11111111123', 'user13', 'ee684912c7e588d03ccb40f17ed080c9', 1),
(14, 'Student14', 'M14', 'Lastname', 2, '11111111124', 'user14', '8ee736784ce419bd16554ed5677ff35b', 1),
(15, 'Student15', 'M15', 'Lastname', 2, '11111111125', 'user15', '9141fea0574f83e190ab7479d516630d', 1),
(16, 'Student16', 'M16', 'Lastname', 2, '11111111126', 'user16', '2b40aaa979727c43411c305540bbed50', 1),
(17, 'Student17', 'M17', 'Lastname', 2, '11111111127', 'user17', 'a63f9709abc75bf8bd8f6e1ba9992573', 1),
(18, 'Student18', 'M18', 'Lastname', 2, '11111111128', 'user18', '80b8bdceb474b5127b6aca386bb8ce14', 1),
(19, 'Student19', 'M19', 'Lastname', 2, '11111111129', 'user19', 'e532ae6f28f4c2be70b500d3d34724eb', 1),
(20, 'Student20', 'M20', 'Lastname', 2, '11111111130', 'user20', 'aee67d9bb569ad1562f7b67cfccbd2ef', 1),
(21, 'Student21', 'M21', 'Lastname', 3, '11111111131', 'user21', '568c31f0f2406ab70255a1d83291220f', 1),
(22, 'Student22', 'M22', 'Lastname', 3, '11111111132', 'user22', '069103d83d40b742a336dee5fb92f4e5', 1),
(23, 'Student23', 'M23', 'Lastname', 3, '11111111133', 'user23', '1f82cdf9195b31244721c6026587fb78', 1),
(24, 'Student24', 'M24', 'Lastname', 3, '11111111134', 'user24', '58bad6b697dff48f4927941962f23e90', 1),
(25, 'Student25', 'M25', 'Lastname', 3, '11111111135', 'user25', '6982e82c0b21af5526754d83df2d1635', 1),
(26, 'Student26', 'M26', 'Lastname', 3, '11111111136', 'user26', 'dc2d937cba912f093445d008f0461c83', 1),
(27, 'Student27', 'M27', 'Lastname', 3, '11111111137', 'user27', 'ccf08fd9a560b266470bf8ab97fc7c26', 1),
(28, 'Student28', 'M28', 'Lastname', 3, '11111111138', 'user28', '3b635d4df2c9ece93b97759531d6ed01', 1),
(29, 'Student29', 'M29', 'Lastname', 3, '11111111139', 'user29', '926742e502de7d22686bb1d4a07fe635', 1),
(30, 'Student30', 'M30', 'Lastname', 3, '11111111140', 'user30', '3dc94727dbba08bdd21d7b318b410600', 1),
(31, 'Student31', 'M31', 'Lastname', 4, '11111111141', 'user31', '0c75f443030c092d82b67ef876fa4e4e', 1),
(32, 'Student32', 'M32', 'Lastname', 4, '11111111142', 'user32', 'f849618fac31084ff0bafe6f877562e3', 1),
(33, 'Student33', 'M33', 'Lastname', 4, '11111111143', 'user33', 'd61af90de34e181dcb619fdc9c9f817d', 1),
(34, 'Student34', 'M34', 'Lastname', 4, '11111111144', 'user34', '7aa4106f8d30c77db0517e813ace4a3b', 1),
(35, 'Student35', 'M35', 'Lastname', 4, '11111111145', 'user35', '48ad74b74844fadd28274afd5c617ccf', 1),
(36, 'Student36', 'M36', 'Lastname', 4, '11111111146', 'user36', '8ba4260f47598cece4813a294952f7f3', 1),
(37, 'Student37', 'M37', 'Lastname', 4, '11111111147', 'user37', '9ab4b766ba920fca672112a4d81464df', 1),
(38, 'Student38', 'M38', 'Lastname', 4, '11111111148', 'user38', 'b30628ea30edfe26e7650e7bd89cc8a1', 1),
(39, 'Student39', 'M39', 'Lastname', 4, '11111111149', 'user39', 'be961c906e3b375dced446d4cf0b6856', 1),
(40, 'Student40', 'M40', 'Lastname', 4, '11111111150', 'user40', '831fc3acf61a6ac7f44f73287ece2942', 1),
(41, 'Student41', 'M41', 'Lastname', 5, '11111111151', 'user41', 'decb7cb773821f0e6486650c6f062be5', 1),
(42, 'Student42', 'M42', 'Lastname', 5, '11111111152', 'user42', 'b1a6a20d781fde908b1dd9af34deb8ea', 1),
(43, 'Student43', 'M43', 'Lastname', 5, '11111111153', 'user43', 'a5669b4e80cfb179cdd36be6eeada2cd', 1),
(44, 'Student44', 'M44', 'Lastname', 5, '11111111154', 'user44', '9608e3da7f00ffa26507d1aa9a575197', 1),
(45, 'Student45', 'M45', 'Lastname', 5, '11111111155', 'user45', '0009fa95022c5c2c1276227121652c60', 1),
(46, 'Student46', 'M46', 'Lastname', 5, '11111111156', 'user46', '6ea84fafdeb8b3857abe9410c7144ccb', 1),
(47, 'Student47', 'M47', 'Lastname', 5, '11111111157', 'user47', 'ea716d443f74ecc54957c884c0d05612', 1),
(48, 'Student48', 'M48', 'Lastname', 5, '11111111158', 'user48', '458c7a67e7b9126ae7a9df4b821ea745', 1),
(49, 'Student49', 'M49', 'Lastname', 5, '11111111159', 'user49', '0659a802af127843be2e35e0e36c310a', 1),
(50, 'Student50', 'M50', 'Lastname', 5, '11111111160', 'user50', 'ed645bbf72d0c71176142d93c99942c2', 1),
(51, 'Student51', 'M51', 'Lastname', 6, '11111111161', 'user51', '8586019a0e3d6c5db0f8800863d2603e', 1),
(52, 'Student52', 'M52', 'Lastname', 6, '11111111162', 'user52', '49c3e7ecd5f259d24e370f40a889cb92', 1),
(53, 'Student53', 'M53', 'Lastname', 6, '11111111163', 'user53', '81f18971327649c94d6bcf2f68ed8473', 1),
(54, 'Student54', 'M54', 'Lastname', 6, '11111111164', 'user54', '6457fb0868939e24c284ab8ca0b56239', 1),
(55, 'Student55', 'M55', 'Lastname', 6, '11111111165', 'user55', 'abfe2d56a3ac2f1fd4fd0341ce779ccb', 1),
(56, 'Student56', 'M56', 'Lastname', 6, '11111111166', 'user56', '6716686259c296138760bc8ab7913944', 1),
(57, 'Student57', 'M57', 'Lastname', 6, '11111111167', 'user57', '1d7924e5e2898d767d0200698acdb888', 1),
(58, 'Student58', 'M58', 'Lastname', 6, '11111111168', 'user58', 'f93ed9b1d03611edac0ce37ab08621cb', 1),
(59, 'Student59', 'M59', 'Lastname', 6, '11111111169', 'user59', '3f4792d772b7147062e148fa9f8c49db', 1),
(60, 'Student60', 'M60', 'Lastname', 6, '11111111170', 'user60', 'fddad413726c93599a5a08a1b5aeb74b', 1),
(61, 'Student61', 'M61', 'Lastname', 7, '11111111171', 'user61', 'bc18d252d963ea39a580d12386495f2f', 1),
(62, 'Student62', 'M62', 'Lastname', 7, '11111111172', 'user62', '9caf76d2bd5b47a69a07137312d47923', 1),
(63, 'Student63', 'M63', 'Lastname', 7, '11111111173', 'user63', '0f6665773debfa134a7d0bdb975c74fb', 1),
(64, 'Student64', 'M64', 'Lastname', 7, '11111111174', 'user64', 'a720597245f1a1a63f77068d04f4ff1f', 1),
(65, 'Student65', 'M65', 'Lastname', 7, '11111111175', 'user65', '3cc973d22efb4e39c7aabc036cec11f8', 1),
(66, 'Student66', 'M66', 'Lastname', 7, '11111111176', 'user66', 'f8f2c7990ce3701e3fb7562ac4994fb1', 1),
(67, 'Student67', 'M67', 'Lastname', 7, '11111111177', 'user67', 'dd8112ab5f69dd32d909faf4dcf53323', 1),
(68, 'Student68', 'M68', 'Lastname', 7, '11111111178', 'user68', 'd8b2f07fb0d8efc5723a1e3211934a84', 1),
(69, 'Student69', 'M69', 'Lastname', 7, '11111111179', 'user69', 'a30ef8e29768d22d8a27f608420bd396', 1),
(70, 'Student70', 'M70', 'Lastname', 7, '11111111180', 'user70', 'e480137b6ac15de1bf8786090fb59581', 1),
(71, 'Student71', 'M71', 'Lastname', 8, '11111111181', 'user71', '0de113c625a62c02bf56b3aa112160d0', 1),
(72, 'Student72', 'M72', 'Lastname', 8, '11111111182', 'user72', 'e7e09324e8a8276879dc5addf427f51e', 1),
(73, 'Student73', 'M73', 'Lastname', 8, '11111111183', 'user73', '756c922e45e3df3096be0ae4d4f67a58', 1),
(74, 'Student74', 'M74', 'Lastname', 8, '11111111184', 'user74', 'f27936b3b7632b1c9c13b9951a47275e', 1),
(75, 'Student75', 'M75', 'Lastname', 8, '11111111185', 'user75', 'b95565458af65ce4173c311b42263e64', 1),
(76, 'Student76', 'M76', 'Lastname', 8, '11111111186', 'user76', 'edb3a8b557d325f63190505910eed61c', 1),
(77, 'Student77', 'M77', 'Lastname', 8, '11111111187', 'user77', 'bfcda0370256b0f05a64d5d01f580b86', 1),
(78, 'Student78', 'M78', 'Lastname', 8, '11111111188', 'user78', 'bc628f2f09462b73e9ef8293da2aa778', 1),
(79, 'Student79', 'M79', 'Lastname', 8, '11111111189', 'user79', '9abadf78533203afc384930f33867899', 1),
(80, 'Student80', 'M80', 'Lastname', 8, '11111111190', 'user80', '603c7a98001f028cc72749f1f44c3770', 1),
(81, 'Student81', 'M81', 'Lastname', 9, '11111111191', 'user81', '67f4e1f304799aac88f49c8a365a66cd', 1),
(82, 'Student82', 'M82', 'Lastname', 9, '11111111192', 'user82', '586588e0016017abe4aa599ccdf99595', 1),
(83, 'Student83', 'M83', 'Lastname', 9, '11111111193', 'user83', '716fbe22eae6a8f1d647d74a8a9d7a57', 1),
(84, 'Student84', 'M84', 'Lastname', 9, '11111111194', 'user84', '3e6f4c45b85be86d1334ed3b395a478a', 1),
(85, 'Student85', 'M85', 'Lastname', 9, '11111111195', 'user85', '3ba6b79859b059d8aacd96eec508227a', 1),
(86, 'Student86', 'M86', 'Lastname', 9, '11111111196', 'user86', '1f6c2b1428ab61c6e83c8c93f2c1d9d5', 1),
(87, 'Student87', 'M87', 'Lastname', 9, '11111111197', 'user87', '836f0915a9c8eba7fd2ff45c03e76bba', 1),
(88, 'Student88', 'M88', 'Lastname', 9, '11111111198', 'user88', 'ec92d00d7c130df82512548cbc2b4701', 1),
(89, 'Student89', 'M89', 'Lastname', 9, '11111111199', 'user89', '2bea2a2eac84e370ce3e3101cd7b668e', 1),
(90, 'Student90', 'M90', 'Lastname', 9, '11111111200', 'user90', 'd579ba0fe35141ae95b0e380673be804', 1),
(91, 'Student91', 'M91', 'Lastname', 10, '11111111201', 'user91', 'e594830c63949b307c3f075b2162521c', 1),
(92, 'Student92', 'M92', 'Lastname', 10, '11111111202', 'user92', 'c4deb5b86118ac981e8c24b0e551f1ec', 1),
(93, 'Student93', 'M93', 'Lastname', 10, '11111111203', 'user93', '0e7edf18645ad2b1bcff4bc782cbe024', 1),
(94, 'Student94', 'M94', 'Lastname', 10, '11111111204', 'user94', '5bc2de8c4680ecea6f1063698e8e4641', 1),
(95, 'Student95', 'M95', 'Lastname', 10, '11111111205', 'user95', '9e6c19a40c8e6535c09abf6a4e886ff1', 1),
(96, 'Student96', 'M96', 'Lastname', 10, '11111111206', 'user96', 'b64093964d277ba6415719648594ef3a', 1),
(97, 'Student97', 'M97', 'Lastname', 10, '11111111207', 'user97', 'f3741005be37fafae823f5bf76dcd527', 1),
(98, 'Student98', 'M98', 'Lastname', 10, '11111111208', 'user98', 'd2f6928fbf6463480d42ebbf5028e573', 1),
(99, 'Student99', 'M99', 'Lastname', 10, '11111111209', 'user99', '2484b2d1aec71de2ca87f88af401a6af', 1),
(100, 'Student100', 'M100', 'Lastname', 10, '11111111210', 'user100', '0ed542b815a0d4b0c457ad9def1a21d2', 1),
(101, 'Student101', 'M101', 'Lastname', 11, '11111111211', 'user101', '2804df10cfd85d566a0fbb8d71f760b0', 1),
(102, 'Student102', 'M102', 'Lastname', 11, '11111111212', 'user102', '6b37d1ec969838d29cb611deaff50a6b', 1),
(103, 'Student103', 'M103', 'Lastname', 11, '11111111213', 'user103', 'c99f6758db3841cc311bb858bc46c273', 1),
(104, 'Student104', 'M104', 'Lastname', 11, '11111111214', 'user104', '86e2e09ac77208621d1e5b0b870e9181', 1),
(105, 'Student105', 'M105', 'Lastname', 11, '11111111215', 'user105', '8b811004869c0d33256eec2df927bb48', 1),
(106, 'Student106', 'M106', 'Lastname', 11, '11111111216', 'user106', '83371a42b4e43cb6f11798c561c6096a', 1),
(107, 'Student107', 'M107', 'Lastname', 11, '11111111217', 'user107', '4eff325ef64f530dbfbbdb0e161b0fb3', 1),
(108, 'Student108', 'M108', 'Lastname', 11, '11111111218', 'user108', '698f7d405956b0c09b3ef547996d33b7', 1),
(109, 'Student109', 'M109', 'Lastname', 11, '11111111219', 'user109', 'd89d5b83134cc33d728f41003d1936dc', 1),
(110, 'Student110', 'M110', 'Lastname', 11, '11111111220', 'user110', '15e749cf8eb308259d116dbabc4836ea', 1),
(111, 'ujyhtgrfed', 'uytredwa', 'kiujyhtgda', 4, '00000000000', '666mmmmmmmmmm', 'a01610228fe998f515a72dd730294d87', 1),
(112, 'ujyhtgrfedewdqef', 'uytredwa3qwds', 'kiujyhtgdaqweda', 7, '67890867987', '666mfadsdwqe21', 'c20ad4d76fe97759aa27a0c99bff6710', 1),
(113, ' NEW NEW W', 'ODHAIJDBAJBAUF', 'ALKFALIFAVIUFVA', 5, '43256787654', '45RDFBCVHTY5NYE', 'e615c82aba461681ade82da2da38004a', 1);

-- --------------------------------------------------------

--
-- Table structure for table `users`
--

CREATE TABLE `users` (
  `id` int(11) NOT NULL,
  `firstName` varchar(255) DEFAULT NULL,
  `middleName` varchar(255) DEFAULT NULL,
  `surname` varchar(255) DEFAULT NULL,
  `section` varchar(255) DEFAULT NULL,
  `studentID` varchar(255) DEFAULT NULL,
  `username` varchar(255) DEFAULT NULL,
  `password` varchar(255) DEFAULT NULL
) ENGINE=InnoDB DEFAULT CHARSET=utf8mb4 COLLATE=utf8mb4_general_ci;

-- --------------------------------------------------------

--
-- Table structure for table `user_activity`
--

CREATE TABLE `user_activity` (
  `id` int(11) NOT NULL,
  `studentID` int(11) DEFAULT NULL,
  `activity_name` varchar(255) DEFAULT NULL,
  `activity_date` datetime DEFAULT NULL,
  `activity_consequences` text DEFAULT NULL
) ENGINE=InnoDB DEFAULT CHARSET=utf8mb4 COLLATE=utf8mb4_general_ci;

--
-- Dumping data for table `user_activity`
--

INSERT INTO `user_activity` (`id`, `studentID`, `activity_name`, `activity_date`, `activity_consequences`) VALUES
(7, 2147483647, 'User Signup', '2025-04-03 23:14:19', 'New student account created'),
(8, 2147483647, 'User Signup', '2025-04-03 23:16:30', 'New student account created'),
(9, 2147483647, 'User Signup', '2025-04-03 23:54:09', 'New student account created'),
(10, 2147483647, 'User Signup', '2025-04-03 23:54:39', 'New student account created'),
(11, 2147483647, 'User Signup', '2025-04-03 23:56:57', 'New student account created'),
(12, 2147483647, 'User Signup', '2025-04-11 02:41:07', 'New student account created'),
(13, 2147483647, 'User Signup', '2025-04-11 02:55:30', 'New student account created'),
(14, 2000373452, 'Evaluated an Instructor', '2025-04-11 04:39:42', 'Successfully evaluated an instructor'),
(15, 2000373452, 'Evaluated an Instructor', '2025-04-11 04:40:05', 'Successfully evaluated an instructor'),
(16, 2000347201, 'Evaluated an Instructor', '2025-04-15 10:16:19', 'Successfully evaluated an instructor'),
(17, 2000347201, 'Evaluated an Instructor', '2025-04-15 10:16:55', 'Successfully evaluated an instructor'),
(18, 2000347201, 'Evaluated an Instructor', '2025-04-15 10:57:04', 'Successfully evaluated an instructor'),
(19, 2000347201, 'Evaluated an Instructor', '2025-04-16 00:30:37', 'Successfully evaluated an instructor'),
(20, 2147483647, 'User Signup', '2025-04-17 15:56:06', 'New student account created'),
(21, 2147483647, 'User Signup', '2025-04-17 16:15:02', 'New student account created'),
(22, 2147483647, 'User Signup', '2025-04-17 22:27:32', 'New student account created'),
(23, 2147483647, 'User Signup', '2025-04-17 22:34:52', 'New student account created'),
(24, 2147483647, 'User Signup', '2025-04-17 22:48:12', 'New student account created'),
(25, 2147483647, 'User Signup', '2025-04-18 22:13:45', 'New student account created'),
(26, 0, 'User Signup', '2025-04-19 00:29:25', 'New student account created'),
(27, 2147483647, 'User Signup', '2025-04-19 14:38:30', 'New student account created'),
(28, 2147483647, 'User Signup', '2025-04-19 17:40:20', 'New student account created');

-- --------------------------------------------------------

--
-- Table structure for table `user_roles`
--

CREATE TABLE `user_roles` (
  `id` int(11) NOT NULL,
  `role_name` varchar(50) NOT NULL,
  `description` text NOT NULL
) ENGINE=InnoDB DEFAULT CHARSET=utf8mb4 COLLATE=utf8mb4_general_ci;

--
-- Indexes for dumped tables
--

--
-- Indexes for table `admintbl`
--
ALTER TABLE `admintbl`
  ADD PRIMARY KEY (`id`);

--
-- Indexes for table `classroomstbl`
--
ALTER TABLE `classroomstbl`
  ADD PRIMARY KEY (`classroomId`),
  ADD KEY `instructorId` (`instructorId`),
  ADD KEY `sectionId` (`sectionId`);

--
-- Indexes for table `instructorstbl`
--
ALTER TABLE `instructorstbl`
  ADD PRIMARY KEY (`id`),
  ADD UNIQUE KEY `instructorId` (`instructorId`),
  ADD UNIQUE KEY `instructorEmail` (`instructorEmail`);

--
-- Indexes for table `sectiontbls`
--
ALTER TABLE `sectiontbls`
  ADD PRIMARY KEY (`sectionId`),
  ADD UNIQUE KEY `sectionName` (`sectionName`);

--
-- Indexes for table `studentratingstbl`
--
ALTER TABLE `studentratingstbl`
  ADD PRIMARY KEY (`id`);

--
-- Indexes for table `studentstbl`
--
ALTER TABLE `studentstbl`
  ADD PRIMARY KEY (`id`),
  ADD KEY `sectionId` (`sectionId`);

--
-- Indexes for table `users`
--
ALTER TABLE `users`
  ADD PRIMARY KEY (`id`);

--
-- Indexes for table `user_activity`
--
ALTER TABLE `user_activity`
  ADD PRIMARY KEY (`id`);

--
-- Indexes for table `user_roles`
--
ALTER TABLE `user_roles`
  ADD PRIMARY KEY (`id`);

--
-- AUTO_INCREMENT for dumped tables
--

--
-- AUTO_INCREMENT for table `classroomstbl`
--
ALTER TABLE `classroomstbl`
  MODIFY `classroomId` int(11) NOT NULL AUTO_INCREMENT, AUTO_INCREMENT=56;

--
-- AUTO_INCREMENT for table `instructorstbl`
--
ALTER TABLE `instructorstbl`
  MODIFY `id` int(11) NOT NULL AUTO_INCREMENT, AUTO_INCREMENT=616;

--
-- AUTO_INCREMENT for table `sectiontbls`
--
ALTER TABLE `sectiontbls`
  MODIFY `sectionId` int(11) NOT NULL AUTO_INCREMENT, AUTO_INCREMENT=2292;

--
-- AUTO_INCREMENT for table `studentratingstbl`
--
ALTER TABLE `studentratingstbl`
  MODIFY `id` int(11) NOT NULL AUTO_INCREMENT, AUTO_INCREMENT=567;

--
-- AUTO_INCREMENT for table `studentstbl`
--
ALTER TABLE `studentstbl`
  MODIFY `id` int(11) NOT NULL AUTO_INCREMENT, AUTO_INCREMENT=114;

--
-- AUTO_INCREMENT for table `users`
--
ALTER TABLE `users`
  MODIFY `id` int(11) NOT NULL AUTO_INCREMENT;

--
-- AUTO_INCREMENT for table `user_activity`
--
ALTER TABLE `user_activity`
  MODIFY `id` int(11) NOT NULL AUTO_INCREMENT, AUTO_INCREMENT=29;

--
-- AUTO_INCREMENT for table `user_roles`
--
ALTER TABLE `user_roles`
  MODIFY `id` int(11) NOT NULL AUTO_INCREMENT;

--
-- Constraints for dumped tables
--

--
-- Constraints for table `classroomstbl`
--
ALTER TABLE `classroomstbl`
  ADD CONSTRAINT `classroomstbl_ibfk_1` FOREIGN KEY (`instructorId`) REFERENCES `instructorstbl` (`instructorId`),
  ADD CONSTRAINT `classroomstbl_ibfk_2` FOREIGN KEY (`sectionId`) REFERENCES `sectiontbls` (`sectionId`);

--
-- Constraints for table `studentstbl`
--
ALTER TABLE `studentstbl`
  ADD CONSTRAINT `studentstbl_ibfk_1` FOREIGN KEY (`sectionId`) REFERENCES `sectiontbls` (`sectionId`);
COMMIT;

/*!40101 SET CHARACTER_SET_CLIENT=@OLD_CHARACTER_SET_CLIENT */;
/*!40101 SET CHARACTER_SET_RESULTS=@OLD_CHARACTER_SET_RESULTS */;
/*!40101 SET COLLATION_CONNECTION=@OLD_COLLATION_CONNECTION */;
